scan_time,ticker,price,pct_from_open,rvol,accelerating,level_price,level_touches,level_type,dist_pct,atr,mode,score,stop_loss,stop_reason,entry_note,reason
2026-06-23 22:32 BST,LQMT,0.18,,,,0.18,4,resistance,0.0,0.02,RESISTANCE_WARNING,9.0,0.1557,Touches: 4 · Level low: $0.18 · ATR(14): $0.02 · Stop: $0.1557,Near resistance $0.18 · consider exit or avoid entry,4 touches at $0.18 · 0.0% away · ATR $0.02
2026-06-23 22:29 BST,BPTH,0.03,,,,0.03,23,resistance,0.0,0.01,RESISTANCE_WARNING,9.0,0.0164,Touches: 23 · Level low: $0.03 · ATR(14): $0.01 · Stop: $0.0164,Near resistance $0.03 · consider exit or avoid entry,23 touches at $0.03 · 0.0% away · ATR $0.01
2026-06-23 22:29 BST,GDST,12.5,,,,12.5,126,resistance,0.0,0.0,RESISTANCE_WARNING,9.0,12.5,Touches: 126 · Level low: $12.5 · ATR(14): $0.0 · Stop: $12.5,Near resistance $12.5 · consider exit or avoid entry,126 touches at $12.5 · 0.0% away · ATR $0.0
2026-06-23 22:29 BST,FTDL,0.0003,,,,0.0003,244,resistance,0.0,0.0,RESISTANCE_WARNING,9.0,0.0003,Touches: 244 · Level low: $0.0003 · ATR(14): $0.0 · Stop: $0.0003,Near resistance $0.0003 · consider exit or avoid entry,244 touches at $0.0003 · 0.0% away · ATR $0.0
2026-06-23 22:31 BST,LMPX,0.07,,,,0.07,150,resistance,0.0,0.0,RESISTANCE_WARNING,9.0,0.0696,Touches: 150 · Level low: $0.07 · ATR(14): $0.0 · Stop: $0.0696,Near resistance $0.07 · consider exit or avoid entry,150 touches at $0.07 · 0.0% away · ATR $0.0
2026-06-23 22:31 BST,LLKKF,0.065,,,,0.065,10,resistance,0.0,0.01,RESISTANCE_WARNING,9.0,0.0536,Touches: 10 · Level low: $0.0641 · ATR(14): $0.01 · Stop: $0.0536,Near resistance $0.065 · consider exit or avoid entry,10 touches at $0.065 · 0.0% away · ATR $0.01
2026-06-23 22:29 BST,JTEKY,30.95,,,,30.95,114,resistance,0.0,0.0,RESISTANCE_WARNING,9.0,30.95,Touches: 114 · Level low: $30.95 · ATR(14): $0.0 · Stop: $30.95,Near resistance $30.95 · consider exit or avoid entry,114 touches at $30.95 · 0.0% away · ATR $0.0
2026-06-23 22:31 BST,LIPO,0.08,,,,0.08,15,resistance,0.0,0.02,RESISTANCE_WARNING,9.0,0.0595,Touches: 15 · Level low: $0.079 · ATR(14): $0.02 · Stop: $0.0595,Near resistance $0.08 · consider exit or avoid entry,15 touches at $0.08 · 0.0% away · ATR $0.02
2026-06-23 22:31 BST,LFT,1.03,,,,1.03,18,resistance,0.0,0.04,RESISTANCE_WARNING,9.0,0.9786,Touches: 18 · Level low: $1.02 · ATR(14): $0.04 · Stop: $0.9786,Near resistance $1.03 · consider exit or avoid entry,18 touches at $1.03 · 0.0% away · ATR $0.04
2026-06-23 22:31 BST,LGVN,0.8,,,,0.8,9,resistance,0.0,0.05,RESISTANCE_WARNING,9.0,0.7381,Touches: 9 · Level low: $0.79 · ATR(14): $0.05 · Stop: $0.7381,Near resistance $0.8 · consider exit or avoid entry,9 touches at $0.8 · 0.0% away · ATR $0.05
2026-06-23 22:31 BST,LIF,46.94,,,,46.94,13,resistance,0.0,2.89,RESISTANCE_WARNING,9.0,43.4625,Touches: 13 · Level low: $46.351 · ATR(14): $2.89 · Stop: $43.4625,Near resistance $46.94 · consider exit or avoid entry,13 touches at $46.94 · 0.0% away · ATR $2.89
2026-06-23 22:29 BST,BPOSY,1.94,,,,1.94,48,resistance,0.0,0.0,RESISTANCE_WARNING,9.0,1.94,Touches: 48 · Level low: $1.94 · ATR(14): $0.0 · Stop: $1.94,Near resistance $1.94 · consider exit or avoid entry,48 touches at $1.94 · 0.0% away · ATR $0.0
2026-06-23 22:29 BST,GFASY,0.39,,,,0.39,40,resistance,0.0,0.0,RESISTANCE_WARNING,9.0,0.39,Touches: 40 · Level low: $0.39 · ATR(14): $0.0 · Stop: $0.39,Near resistance $0.39 · consider exit or avoid entry,40 touches at $0.39 · 0.0% away · ATR $0.0
2026-06-23 22:29 BST,JRSS,0.0294,,,,0.0294,17,resistance,0.0,0.03,RESISTANCE_WARNING,9.0,0.0001,Touches: 17 · Level low: $0.0294 · ATR(14): $0.03 · Stop: $0.0001,Near resistance $0.0294 · consider exit or avoid entry,17 touches at $0.0294 · 0.0% away · ATR $0.03
2026-06-23 22:31 BST,LGIQ,0.001,,,,0.001,229,resistance,0.0,0.0,RESISTANCE_WARNING,9.0,0.001,Touches: 229 · Level low: $0.001 · ATR(14): $0.0 · Stop: $0.001,Near resistance $0.001 · consider exit or avoid entry,229 touches at $0.001 · 0.0% away · ATR $0.0
2026-06-23 22:31 BST,LCTC,2.5,,,,2.5,7,resistance,0.0,0.14,RESISTANCE_WARNING,9.0,2.3329,Touches: 7 · Level low: $2.47 · ATR(14): $0.14 · Stop: $2.3329,Near resistance $2.5 · consider exit or avoid entry,7 touches at $2.5 · 0.0% away · ATR $0.14
2026-06-23 22:31 BST,LBRDB,30.0,,,,30.0,5,resistance,0.0,0.95,RESISTANCE_WARNING,9.0,29.0529,Touches: 5 · Level low: $30.0 · ATR(14): $0.95 · Stop: $29.0529,Near resistance $30.0 · consider exit or avoid entry,5 touches at $30.0 · 0.0% away · ATR $0.95
2026-06-23 22:31 BST,LBTI,0.0001,,,,0.0001,244,resistance,0.0,0.0,RESISTANCE_WARNING,9.0,0.0001,Touches: 244 · Level low: $0.0001 · ATR(14): $0.0 · Stop: $0.0001,Near resistance $0.0001 · consider exit or avoid entry,244 touches at $0.0001 · 0.0% away · ATR $0.0
2026-06-23 22:31 BST,LCAP,32.42,,,,32.42,41,resistance,0.0,0.46,RESISTANCE_WARNING,9.0,31.3024,Touches: 41 · Level low: $31.76 · ATR(14): $0.46 · Stop: $31.3024,Near resistance $32.42 · consider exit or avoid entry,41 touches at $32.42 · 0.0% away · ATR $0.46
2026-06-23 22:30 BST,LARK,30.0,,,,30.0,5,resistance,0.0,0.64,RESISTANCE_WARNING,9.0,28.9333,Touches: 5 · Level low: $29.57 · ATR(14): $0.64 · Stop: $28.9333,Near resistance $30.0 · consider exit or avoid entry,5 touches at $30.0 · 0.0% away · ATR $0.64
2026-06-23 22:29 BST,KBNT,0.0001,,,,0.0001,243,resistance,0.0,0.0,RESISTANCE_WARNING,9.0,0.0001,Touches: 243 · Level low: $0.0001 · ATR(14): $0.0 · Stop: $0.0001,Near resistance $0.0001 · consider exit or avoid entry,243 touches at $0.0001 · 0.0% away · ATR $0.0
2026-06-23 22:29 BST,KAVL,0.032,,,,0.032,6,resistance,0.0,0.01,RESISTANCE_WARNING,9.0,0.0194,Touches: 6 · Level low: $0.032 · ATR(14): $0.01 · Stop: $0.0194,Near resistance $0.032 · consider exit or avoid entry,6 touches at $0.032 · 0.0% away · ATR $0.01
2026-06-23 22:30 BST,LASE,2.16,,,,2.16,10,resistance,0.0,0.75,RESISTANCE_WARNING,9.0,1.3808,Touches: 10 · Level low: $2.13 · ATR(14): $0.75 · Stop: $1.3808,Near resistance $2.16 · consider exit or avoid entry,10 touches at $2.16 · 0.0% away · ATR $0.75
2026-06-23 22:30 BST,KLDO,0.0001,,,,0.0001,234,resistance,0.0,0.01,RESISTANCE_WARNING,9.0,-0.0143,Touches: 234 · Level low: $0.0001 · ATR(14): $0.01 · Stop: $-0.0143,Near resistance $0.0001 · consider exit or avoid entry,234 touches at $0.0001 · 0.0% away · ATR $0.01
2026-06-23 22:30 BST,KRNTY,69.88,,,,69.8806,28,resistance,0.0,0.12,RESISTANCE_WARNING,9.0,69.7643,Touches: 28 · Level low: $69.88 · ATR(14): $0.12 · Stop: $69.7643,Near resistance $69.8806 · consider exit or avoid entry,28 touches at $69.8806 · 0.0% away · ATR $0.12
2026-06-23 22:30 BST,KSBI,78.44,,,,78.44,36,resistance,0.0,0.47,RESISTANCE_WARNING,9.0,77.0343,Touches: 36 · Level low: $77.5 · ATR(14): $0.47 · Stop: $77.0343,Near resistance $78.44 · consider exit or avoid entry,36 touches at $78.44 · 0.0% away · ATR $0.47
2026-06-23 22:30 BST,KSRYY,6.328,,,,6.328,15,resistance,0.0,0.12,RESISTANCE_WARNING,9.0,6.1022,Touches: 15 · Level low: $6.22 · ATR(14): $0.12 · Stop: $6.1022,Near resistance $6.328 · consider exit or avoid entry,15 touches at $6.328 · 0.0% away · ATR $0.12
2026-06-23 22:29 BST,BOZTY,14.75,,,,14.75,10,resistance,0.0,0.16,RESISTANCE_WARNING,9.0,14.5929,Touches: 10 · Level low: $14.75 · ATR(14): $0.16 · Stop: $14.5929,Near resistance $14.75 · consider exit or avoid entry,10 touches at $14.75 · 0.0% away · ATR $0.16
2026-06-23 22:29 BST,BORT,52.1,,,,52.1,54,resistance,0.0,0.0,RESISTANCE_WARNING,9.0,52.0,Touches: 54 · Level low: $52.0 · ATR(14): $0.0 · Stop: $52.0,Near resistance $52.1 · consider exit or avoid entry,54 touches at $52.1 · 0.0% away · ATR $0.0
2026-06-23 22:29 BST,EYES,24.4277,,,,24.4277,5,resistance,0.0,0.47,RESISTANCE_WARNING,9.0,23.8829,Touches: 5 · Level low: $24.35 · ATR(14): $0.47 · Stop: $23.8829,Near resistance $24.4277 · consider exit or avoid entry,5 touches at $24.4277 · 0.0% away · ATR $0.47
2026-06-23 22:29 BST,FORL,11.0,,,,11.0,100,resistance,0.0,0.0,RESISTANCE_WARNING,9.0,11.0,Touches: 100 · Level low: $11.0 · ATR(14): $0.0 · Stop: $11.0,Near resistance $11.0 · consider exit or avoid entry,100 touches at $11.0 · 0.0% away · ATR $0.0
2026-06-23 22:30 BST,KLDI,0.005,,,,0.005,161,resistance,0.0,0.0,RESISTANCE_WARNING,9.0,0.005,Touches: 161 · Level low: $0.005 · ATR(14): $0.0 · Stop: $0.005,Near resistance $0.005 · consider exit or avoid entry,161 touches at $0.005 · 0.0% away · ATR $0.0
2026-06-23 22:30 BST,KIKOY,21.55,,,,21.55,13,resistance,0.0,0.4,RESISTANCE_WARNING,9.0,21.15,Touches: 13 · Level low: $21.55 · ATR(14): $0.4 · Stop: $21.15,Near resistance $21.55 · consider exit or avoid entry,13 touches at $21.55 · 0.0% away · ATR $0.4
2026-06-23 22:29 BST,KEGX,2.715,,,,2.715,25,resistance,0.0,0.02,RESISTANCE_WARNING,9.0,2.6996,Touches: 25 · Level low: $2.715 · ATR(14): $0.02 · Stop: $2.6996,Near resistance $2.715 · consider exit or avoid entry,25 touches at $2.715 · 0.0% away · ATR $0.02
2026-06-23 22:29 BST,KFRC,45.57,,,,45.5717,5,resistance,0.0,1.88,RESISTANCE_WARNING,8.99,43.4659,Touches: 5 · Level low: $45.35 · ATR(14): $1.88 · Stop: $43.4659,Near resistance $45.5717 · consider exit or avoid entry,5 touches at $45.5717 · 0.0% away · ATR $1.88
2026-06-23 22:31 BST,LEN,87.35,,,,87.345,30,support,0.01,3.38,SUPPORT_BOUNCE,8.99,82.4756,Touches: 30 · Level low: $85.86 · ATR(14): $3.38 · Stop: $82.4756,Near support $87.345 · enter on bounce candle · can hold multi-day,30 touches at $87.345 · 0.0% away · ATR $3.38
2026-06-23 22:31 BST,LION,15.0,,,,15.0025,6,resistance,0.02,0.68,RESISTANCE_WARNING,8.97,14.2956,Touches: 6 · Level low: $14.98 · ATR(14): $0.68 · Stop: $14.2956,Near resistance $15.0025 · consider exit or avoid entry,6 touches at $15.0025 · 0.0% away · ATR $0.68
2026-06-23 22:31 BST,LGRDY,33.34,,,,33.3493,20,resistance,0.03,1.15,RESISTANCE_WARNING,8.95,31.6995,Touches: 20 · Level low: $32.8469 · ATR(14): $1.15 · Stop: $31.6995,Near resistance $33.3493 · consider exit or avoid entry,20 touches at $33.3493 · 0.0% away · ATR $1.15
2026-06-23 22:30 BST,KYTX,8.43,,,,8.4275,28,support,0.03,0.44,SUPPORT_BOUNCE,8.95,7.8743,Touches: 28 · Level low: $8.31 · ATR(14): $0.44 · Stop: $7.8743,Near support $8.4275 · enter on bounce candle · can hold multi-day,28 touches at $8.4275 · 0.0% away · ATR $0.44
2026-06-23 22:29 BST,JWEL,2.4011,,,,2.402,56,resistance,0.04,0.16,RESISTANCE_WARNING,8.94,2.2231,Touches: 56 · Level low: $2.38 · ATR(14): $0.16 · Stop: $2.2231,Near resistance $2.402 · consider exit or avoid entry,56 touches at $2.402 · 0.0% away · ATR $0.16
2026-06-23 22:29 BST,FMAO,29.23,,,,29.24,9,resistance,0.03,0.71,RESISTANCE_WARNING,8.94,28.2357,Touches: 9 · Level low: $28.95 · ATR(14): $0.71 · Stop: $28.2357,Near resistance $29.24 · consider exit or avoid entry,9 touches at $29.24 · 0.0% away · ATR $0.71
2026-06-23 22:31 BST,LIN,512.26,,,,512.08,44,support,0.04,11.02,SUPPORT_BOUNCE,8.94,495.2969,Touches: 44 · Level low: $506.3129 · ATR(14): $11.02 · Stop: $495.2969,Near support $512.08 · enter on bounce candle · can hold multi-day,44 touches at $512.08 · 0.0% away · ATR $11.02
2026-06-23 22:30 BST,KIGRY,11.96,,,,11.9644,18,resistance,0.04,0.4,RESISTANCE_WARNING,8.94,11.3864,Touches: 18 · Level low: $11.79 · ATR(14): $0.4 · Stop: $11.3864,Near resistance $11.9644 · consider exit or avoid entry,18 touches at $11.9644 · 0.0% away · ATR $0.4
2026-06-23 22:31 BST,LGCY,11.15,,,,11.145,37,support,0.04,0.3,SUPPORT_BOUNCE,8.93,10.6919,Touches: 37 · Level low: $10.995 · ATR(14): $0.3 · Stop: $10.6919,Near support $11.145 · enter on bounce candle · can hold multi-day,37 touches at $11.145 · 0.0% away · ATR $0.3
2026-06-23 22:29 BST,JRONY,39.62,,,,39.6,5,support,0.05,0.57,SUPPORT_BOUNCE,8.92,38.6364,Touches: 5 · Level low: $39.21 · ATR(14): $0.57 · Stop: $38.6364,Near support $39.6 · enter on bounce candle · can hold multi-day,5 touches at $39.6 · 0.1% away · ATR $0.57
2026-06-23 22:31 BST,LLYVK,97.695,,,,97.75,50,resistance,0.06,3.58,RESISTANCE_WARNING,8.91,92.7682,Touches: 50 · Level low: $96.35 · ATR(14): $3.58 · Stop: $92.7682,Near resistance $97.75 · consider exit or avoid entry,50 touches at $97.75 · 0.1% away · ATR $3.58
2026-06-23 22:30 BST,KRO,6.5,,,,6.5037,25,resistance,0.06,0.34,RESISTANCE_WARNING,8.91,6.0844,Touches: 25 · Level low: $6.42 · ATR(14): $0.34 · Stop: $6.0844,Near resistance $6.5037 · consider exit or avoid entry,25 touches at $6.5037 · 0.1% away · ATR $0.34
2026-06-23 22:29 BST,KEN,66.58,,,,66.6183,17,resistance,0.06,2.98,RESISTANCE_WARNING,8.9,62.7669,Touches: 17 · Level low: $65.748 · ATR(14): $2.98 · Stop: $62.7669,Near resistance $66.6183 · consider exit or avoid entry,17 touches at $66.6183 · 0.1% away · ATR $2.98
2026-06-23 22:32 BST,LRN,82.98,,,,82.93,27,support,0.06,4.28,SUPPORT_BOUNCE,8.9,77.1286,Touches: 27 · Level low: $81.41 · ATR(14): $4.28 · Stop: $77.1286,Near support $82.93 · enter on bounce candle · can hold multi-day,27 touches at $82.93 · 0.1% away · ATR $4.28
2026-06-23 22:30 BST,KKOYY,10.97,,,,10.9636,32,support,0.06,0.23,SUPPORT_BOUNCE,8.9,10.5214,Touches: 32 · Level low: $10.7498 · ATR(14): $0.23 · Stop: $10.5214,Near support $10.9636 · enter on bounce candle · can hold multi-day,32 touches at $10.9636 · 0.1% away · ATR $0.23
2026-06-23 22:31 BST,LFGP,17.0,,,,16.99,67,support,0.06,0.2,SUPPORT_BOUNCE,8.9,16.6353,Touches: 67 · Level low: $16.8396 · ATR(14): $0.2 · Stop: $16.6353,Near support $16.99 · enter on bounce candle · can hold multi-day,67 touches at $16.99 · 0.1% away · ATR $0.2
2026-06-23 22:31 BST,LMB,81.45,,,,81.505,39,resistance,0.07,4.77,RESISTANCE_WARNING,8.89,75.2151,Touches: 39 · Level low: $79.99 · ATR(14): $4.77 · Stop: $75.2151,Near resistance $81.505 · consider exit or avoid entry,39 touches at $81.505 · 0.1% away · ATR $4.77
2026-06-23 22:30 BST,LADR,10.24,,,,10.2326,92,support,0.07,0.2,SUPPORT_BOUNCE,8.88,9.9101,Touches: 92 · Level low: $10.1083 · ATR(14): $0.2 · Stop: $9.9101,Near support $10.2326 · enter on bounce candle · can hold multi-day,92 touches at $10.2326 · 0.1% away · ATR $0.2
2026-06-23 22:30 BST,KVAC,12.2,,,,12.19,88,support,0.08,0.0,SUPPORT_BOUNCE,8.86,12.0186,Touches: 88 · Level low: $12.02 · ATR(14): $0.0 · Stop: $12.0186,Near support $12.19 · enter on bounce candle · can hold multi-day,88 touches at $12.19 · 0.1% away · ATR $0.0
2026-06-23 22:29 BST,JSGRY,20.5,,,,20.48,38,support,0.1,0.5,SUPPORT_BOUNCE,8.84,19.4921,Touches: 38 · Level low: $19.99 · ATR(14): $0.5 · Stop: $19.4921,Near support $20.48 · enter on bounce candle · can hold multi-day,38 touches at $20.48 · 0.1% away · ATR $0.5
2026-06-23 22:29 BST,KFFB,4.855,,,,4.85,32,support,0.1,0.17,SUPPORT_BOUNCE,8.83,4.6368,Touches: 32 · Level low: $4.81 · ATR(14): $0.17 · Stop: $4.6368,Near support $4.85 · enter on bounce candle · can hold multi-day,32 touches at $4.85 · 0.1% away · ATR $0.17
2026-06-23 22:29 BST,KAI,300.68,,,,300.35,30,support,0.11,13.28,SUPPORT_BOUNCE,8.82,283.2211,Touches: 30 · Level low: $296.4972 · ATR(14): $13.28 · Stop: $283.2211,Near support $300.35 · enter on bounce candle · can hold multi-day,30 touches at $300.35 · 0.1% away · ATR $13.28
2026-06-23 22:30 BST,KOD,37.05,,,,37.01,10,support,0.11,2.64,SUPPORT_BOUNCE,8.82,33.9507,Touches: 10 · Level low: $36.59 · ATR(14): $2.64 · Stop: $33.9507,Near support $37.01 · enter on bounce candle · can hold multi-day,10 touches at $37.01 · 0.1% away · ATR $2.64
2026-06-23 22:29 BST,KEYS,352.58,,,,352.2,25,support,0.11,14.4,SUPPORT_BOUNCE,8.82,333.347,Touches: 25 · Level low: $347.75 · ATR(14): $14.4 · Stop: $333.347,Near support $352.2 · enter on bounce candle · can hold multi-day,25 touches at $352.2 · 0.1% away · ATR $14.4
2026-06-23 22:30 BST,KVUE,18.41,,,,18.39,27,support,0.11,0.42,SUPPORT_BOUNCE,8.82,17.7496,Touches: 27 · Level low: $18.171 · ATR(14): $0.42 · Stop: $17.7496,Near support $18.39 · enter on bounce candle · can hold multi-day,27 touches at $18.39 · 0.1% away · ATR $0.42
2026-06-23 22:30 BST,KUBTY,88.54,,,,88.64,30,resistance,0.11,2.43,RESISTANCE_WARNING,8.81,84.8629,Touches: 30 · Level low: $87.29 · ATR(14): $2.43 · Stop: $84.8629,Near resistance $88.64 · consider exit or avoid entry,30 touches at $88.64 · 0.1% away · ATR $2.43
2026-06-23 22:31 BST,LKFN,61.27,,,,61.34,51,resistance,0.11,1.5,RESISTANCE_WARNING,8.81,59.0057,Touches: 51 · Level low: $60.51 · ATR(14): $1.5 · Stop: $59.0057,Near resistance $61.34 · consider exit or avoid entry,51 touches at $61.34 · 0.1% away · ATR $1.5
2026-06-23 22:30 BST,KO,80.31,,,,80.4009,43,resistance,0.11,1.79,RESISTANCE_WARNING,8.81,77.9385,Touches: 43 · Level low: $79.7253 · ATR(14): $1.79 · Stop: $77.9385,Near resistance $80.4009 · consider exit or avoid entry,43 touches at $80.4009 · 0.1% away · ATR $1.79
2026-06-23 22:31 BST,LEGN,29.3,,,,29.335,5,resistance,0.12,2.41,RESISTANCE_WARNING,8.8,26.7404,Touches: 5 · Level low: $29.15 · ATR(14): $2.41 · Stop: $26.7404,Near resistance $29.335 · consider exit or avoid entry,5 touches at $29.335 · 0.1% away · ATR $2.41
2026-06-23 22:31 BST,LNN,117.42,,,,117.5652,30,resistance,0.12,3.09,RESISTANCE_WARNING,8.79,113.4308,Touches: 30 · Level low: $116.5215 · ATR(14): $3.09 · Stop: $113.4308,Near resistance $117.5652 · consider exit or avoid entry,30 touches at $117.5652 · 0.1% away · ATR $3.09
2026-06-23 22:30 BST,KYOCY,23.22,,,,23.19,10,support,0.13,1.21,SUPPORT_BOUNCE,8.78,21.8924,Touches: 10 · Level low: $23.1 · ATR(14): $1.21 · Stop: $21.8924,Near support $23.19 · enter on bounce candle · can hold multi-day,10 touches at $23.19 · 0.1% away · ATR $1.21
2026-06-23 22:32 BST,LPG,40.6,,,,40.5455,12,support,0.13,1.76,SUPPORT_BOUNCE,8.78,38.3283,Touches: 12 · Level low: $40.0846 · ATR(14): $1.76 · Stop: $38.3283,Near support $40.5455 · enter on bounce candle · can hold multi-day,12 touches at $40.5455 · 0.1% away · ATR $1.76
2026-06-23 22:31 BST,LITE,827.92,,,,829.0,13,resistance,0.13,82.28,RESISTANCE_WARNING,8.78,734.6427,Touches: 13 · Level low: $816.92 · ATR(14): $82.28 · Stop: $734.6427,Near resistance $829.0 · consider exit or avoid entry,13 touches at $829.0 · 0.1% away · ATR $82.28
2026-06-23 22:32 BST,LOAR,71.6,,,,71.7,24,resistance,0.14,3.06,RESISTANCE_WARNING,8.77,67.8645,Touches: 24 · Level low: $70.92 · ATR(14): $3.06 · Stop: $67.8645,Near resistance $71.7 · consider exit or avoid entry,24 touches at $71.7 · 0.1% away · ATR $3.06
2026-06-23 22:30 BST,KHC,22.47,,,,22.5022,63,resistance,0.14,0.63,RESISTANCE_WARNING,8.76,21.5028,Touches: 63 · Level low: $22.1307 · ATR(14): $0.63 · Stop: $21.5028,Near resistance $22.5022 · consider exit or avoid entry,63 touches at $22.5022 · 0.1% away · ATR $0.63
2026-06-23 22:30 BST,KN,40.09,,,,40.03,7,support,0.15,1.95,SUPPORT_BOUNCE,8.75,37.7793,Touches: 7 · Level low: $39.73 · ATR(14): $1.95 · Stop: $37.7793,Near support $40.03 · enter on bounce candle · can hold multi-day,7 touches at $40.03 · 0.1% away · ATR $1.95
2026-06-23 22:30 BST,KSS,17.53,,,,17.5562,18,resistance,0.15,1.0,RESISTANCE_WARNING,8.75,16.363,Touches: 18 · Level low: $17.3597 · ATR(14): $1.0 · Stop: $16.363,Near resistance $17.5562 · consider exit or avoid entry,18 touches at $17.5562 · 0.1% away · ATR $1.0
2026-06-23 22:30 BST,KINS,17.2,,,,17.1737,18,support,0.15,0.49,SUPPORT_BOUNCE,8.74,16.4289,Touches: 18 · Level low: $16.9153 · ATR(14): $0.49 · Stop: $16.4289,Near support $17.1737 · enter on bounce candle · can hold multi-day,18 touches at $17.1737 · 0.2% away · ATR $0.49
2026-06-23 22:32 BST,LPRO,3.12,,,,3.115,10,support,0.16,0.2,SUPPORT_BOUNCE,8.73,2.9041,Touches: 10 · Level low: $3.1 · ATR(14): $0.2 · Stop: $2.9041,Near support $3.115 · enter on bounce candle · can hold multi-day,10 touches at $3.115 · 0.2% away · ATR $0.2
2026-06-23 22:31 BST,LHX,293.77,,,,294.2445,16,resistance,0.16,9.64,RESISTANCE_WARNING,8.73,279.1923,Touches: 16 · Level low: $288.8297 · ATR(14): $9.64 · Stop: $279.1923,Near resistance $294.2445 · consider exit or avoid entry,16 touches at $294.2445 · 0.2% away · ATR $9.64
2026-06-23 22:32 BST,LOPE,143.16,,,,142.9,9,support,0.18,4.62,SUPPORT_BOUNCE,8.7,136.3157,Touches: 9 · Level low: $140.94 · ATR(14): $4.62 · Stop: $136.3157,Near support $142.9 · enter on bounce candle · can hold multi-day,9 touches at $142.9 · 0.2% away · ATR $4.62
2026-06-23 22:29 BST,KDDIY,16.3,,,,16.33,51,resistance,0.18,0.55,RESISTANCE_WARNING,8.69,15.5521,Touches: 51 · Level low: $16.1 · ATR(14): $0.55 · Stop: $15.5521,Near resistance $16.33 · consider exit or avoid entry,51 touches at $16.33 · 0.2% away · ATR $0.55
2026-06-23 22:30 BST,KURRY,30.96,,,,30.9,59,support,0.19,0.55,SUPPORT_BOUNCE,8.68,29.9043,Touches: 59 · Level low: $30.45 · ATR(14): $0.55 · Stop: $29.9043,Near support $30.9 · enter on bounce candle · can hold multi-day,59 touches at $30.9 · 0.2% away · ATR $0.55
2026-06-23 22:32 BST,LOW,213.54,,,,213.95,17,resistance,0.19,6.11,RESISTANCE_WARNING,8.68,204.9414,Touches: 17 · Level low: $211.05 · ATR(14): $6.11 · Stop: $204.9414,Near resistance $213.95 · consider exit or avoid entry,17 touches at $213.95 · 0.2% away · ATR $6.11
2026-06-23 22:29 BST,KE,25.56,,,,25.51,39,support,0.2,1.26,SUPPORT_BOUNCE,8.67,23.8589,Touches: 39 · Level low: $25.12 · ATR(14): $1.26 · Stop: $23.8589,Near support $25.51 · enter on bounce candle · can hold multi-day,39 touches at $25.51 · 0.2% away · ATR $1.26
2026-06-23 22:29 BST,JPSWY,25.02,,,,24.97,15,support,0.2,1.77,SUPPORT_BOUNCE,8.67,23.0329,Touches: 15 · Level low: $24.8 · ATR(14): $1.77 · Stop: $23.0329,Near support $24.97 · enter on bounce candle · can hold multi-day,15 touches at $24.97 · 0.2% away · ATR $1.77
2026-06-23 22:31 BST,LEGH,24.7,,,,24.65,15,support,0.2,0.98,SUPPORT_BOUNCE,8.66,23.4064,Touches: 15 · Level low: $24.39 · ATR(14): $0.98 · Stop: $23.4064,Near support $24.65 · enter on bounce candle · can hold multi-day,15 touches at $24.65 · 0.2% away · ATR $0.98
2026-06-23 22:31 BST,LB,63.93,,,,63.7959,11,support,0.21,3.64,SUPPORT_BOUNCE,8.65,59.2629,Touches: 11 · Level low: $62.9004 · ATR(14): $3.64 · Stop: $59.2629,Near support $63.7959 · enter on bounce candle · can hold multi-day,11 touches at $63.7959 · 0.2% away · ATR $3.64
2026-06-23 22:31 BST,LBRDK,30.86,,,,30.925,6,resistance,0.21,1.61,RESISTANCE_WARNING,8.65,29.0314,Touches: 6 · Level low: $30.64 · ATR(14): $1.61 · Stop: $29.0314,Near resistance $30.925 · consider exit or avoid entry,6 touches at $30.925 · 0.2% away · ATR $1.61
2026-06-23 22:30 BST,KIM,25.19,,,,25.245,8,resistance,0.22,0.55,RESISTANCE_WARNING,8.64,24.3763,Touches: 8 · Level low: $24.93 · ATR(14): $0.55 · Stop: $24.3763,Near resistance $25.245 · consider exit or avoid entry,8 touches at $25.245 · 0.2% away · ATR $0.55
2026-06-23 22:29 BST,KEX,138.23,,,,137.93,17,support,0.22,3.33,SUPPORT_BOUNCE,8.64,132.9771,Touches: 17 · Level low: $136.31 · ATR(14): $3.33 · Stop: $132.9771,Near support $137.93 · enter on bounce candle · can hold multi-day,17 touches at $137.93 · 0.2% away · ATR $3.33
2026-06-23 22:31 BST,LGPS,0.6825,,,,0.681,29,support,0.22,0.11,SUPPORT_BOUNCE,8.63,0.5618,Touches: 29 · Level low: $0.6762 · ATR(14): $0.11 · Stop: $0.5618,Near support $0.681 · enter on bounce candle · can hold multi-day,29 touches at $0.681 · 0.2% away · ATR $0.11
2026-06-23 22:32 BST,LPTH,13.62,,,,13.65,10,resistance,0.22,1.71,RESISTANCE_WARNING,8.63,11.7921,Touches: 10 · Level low: $13.5 · ATR(14): $1.71 · Stop: $11.7921,Near resistance $13.65 · consider exit or avoid entry,10 touches at $13.65 · 0.2% away · ATR $1.71
2026-06-23 22:31 BST,LDOS,106.11,,,,105.875,4,support,0.22,3.95,SUPPORT_BOUNCE,8.63,100.3202,Touches: 4 · Level low: $104.27 · ATR(14): $3.95 · Stop: $100.3202,Near support $105.875 · enter on bounce candle · can hold multi-day,4 touches at $105.875 · 0.2% away · ATR $3.95
2026-06-23 22:32 BST,LOAN,4.44,,,,4.45,71,resistance,0.22,0.09,RESISTANCE_WARNING,8.63,4.3139,Touches: 71 · Level low: $4.4 · ATR(14): $0.09 · Stop: $4.3139,Near resistance $4.45 · consider exit or avoid entry,71 touches at $4.45 · 0.2% away · ATR $0.09
2026-06-23 22:31 BST,LIVE,10.98,,,,10.955,6,support,0.23,0.7,SUPPORT_BOUNCE,8.62,10.2134,Touches: 6 · Level low: $10.91 · ATR(14): $0.7 · Stop: $10.2134,Near support $10.955 · enter on bounce candle · can hold multi-day,6 touches at $10.955 · 0.2% away · ATR $0.7
2026-06-23 22:29 BST,KAJMY,37.63,,,,37.545,36,support,0.23,1.49,SUPPORT_BOUNCE,8.62,35.5457,Touches: 36 · Level low: $37.04 · ATR(14): $1.49 · Stop: $35.5457,Near support $37.545 · enter on bounce candle · can hold multi-day,36 touches at $37.545 · 0.2% away · ATR $1.49
2026-06-23 22:30 BST,KGSPY,97.43,,,,97.6549,20,resistance,0.23,2.73,RESISTANCE_WARNING,8.62,93.8053,Touches: 20 · Level low: $96.5387 · ATR(14): $2.73 · Stop: $93.8053,Near resistance $97.6549 · consider exit or avoid entry,20 touches at $97.6549 · 0.2% away · ATR $2.73
2026-06-23 22:30 BST,LAD,297.08,,,,296.4085,25,support,0.23,9.66,SUPPORT_BOUNCE,8.62,282.7816,Touches: 25 · Level low: $292.4416 · ATR(14): $9.66 · Stop: $282.7816,Near support $296.4085 · enter on bounce candle · can hold multi-day,25 touches at $296.4085 · 0.2% away · ATR $9.66
2026-06-23 22:31 BST,LBTYB,13.1,,,,13.13,22,resistance,0.23,0.64,RESISTANCE_WARNING,8.62,12.3107,Touches: 22 · Level low: $12.95 · ATR(14): $0.64 · Stop: $12.3107,Near resistance $13.13 · consider exit or avoid entry,22 touches at $13.13 · 0.2% away · ATR $0.64
2026-06-23 22:29 BST,KANP,30.01,,,,30.08,26,resistance,0.23,0.15,RESISTANCE_WARNING,8.61,29.8636,Touches: 26 · Level low: $30.01 · ATR(14): $0.15 · Stop: $29.8636,Near resistance $30.08 · consider exit or avoid entry,26 touches at $30.08 · 0.2% away · ATR $0.15
2026-06-23 22:30 BST,KRYAY,87.44,,,,87.65,33,resistance,0.24,1.99,RESISTANCE_WARNING,8.6,84.567,Touches: 33 · Level low: $86.5534 · ATR(14): $1.99 · Stop: $84.567,Near resistance $87.65 · consider exit or avoid entry,33 touches at $87.65 · 0.2% away · ATR $1.99
2026-06-23 22:31 BST,LCII,92.26,,,,92.48,11,resistance,0.24,3.75,RESISTANCE_WARNING,8.6,87.776,Touches: 11 · Level low: $91.53 · ATR(14): $3.75 · Stop: $87.776,Near resistance $92.48 · consider exit or avoid entry,11 touches at $92.48 · 0.2% away · ATR $3.75
2026-06-23 22:32 BST,LPX,74.17,,,,73.9926,41,support,0.24,2.99,SUPPORT_BOUNCE,8.6,69.8956,Touches: 41 · Level low: $72.8874 · ATR(14): $2.99 · Stop: $69.8956,Near support $73.9926 · enter on bounce candle · can hold multi-day,41 touches at $73.9926 · 0.2% away · ATR $2.99
2026-06-23 22:30 BST,KRMN,46.38,,,,46.265,6,support,0.25,3.8,SUPPORT_BOUNCE,8.59,42.0169,Touches: 6 · Level low: $45.82 · ATR(14): $3.8 · Stop: $42.0169,Near support $46.265 · enter on bounce candle · can hold multi-day,6 touches at $46.265 · 0.2% away · ATR $3.8
2026-06-23 22:30 BST,KREF,7.03,,,,7.0124,18,support,0.25,0.21,SUPPORT_BOUNCE,8.58,6.73,Touches: 18 · Level low: $6.94 · ATR(14): $0.21 · Stop: $6.73,Near support $7.0124 · enter on bounce candle · can hold multi-day,18 touches at $7.0124 · 0.3% away · ATR $0.21
2026-06-23 22:29 BST,KB,102.58,,,,102.84,43,resistance,0.25,4.36,RESISTANCE_WARNING,8.58,96.7264,Touches: 43 · Level low: $101.09 · ATR(14): $4.36 · Stop: $96.7264,Near resistance $102.84 · consider exit or avoid entry,43 touches at $102.84 · 0.3% away · ATR $4.36
2026-06-23 22:30 BST,KOSS,3.98,,,,3.99,36,resistance,0.25,0.16,RESISTANCE_WARNING,8.58,3.7811,Touches: 36 · Level low: $3.94 · ATR(14): $0.16 · Stop: $3.7811,Near resistance $3.99 · consider exit or avoid entry,36 touches at $3.99 · 0.3% away · ATR $0.16
2026-06-23 22:30 BST,KPLUY,7.7,,,,7.68,11,support,0.26,0.18,SUPPORT_BOUNCE,8.57,7.4407,Touches: 11 · Level low: $7.62 · ATR(14): $0.18 · Stop: $7.4407,Near support $7.68 · enter on bounce candle · can hold multi-day,11 touches at $7.68 · 0.3% away · ATR $0.18
2026-06-23 22:30 BST,KVYO,13.49,,,,13.525,6,resistance,0.26,0.79,RESISTANCE_WARNING,8.57,12.5882,Touches: 6 · Level low: $13.375 · ATR(14): $0.79 · Stop: $12.5882,Near resistance $13.525 · consider exit or avoid entry,6 touches at $13.525 · 0.3% away · ATR $0.79
2026-06-23 22:31 BST,LINC,47.11,,,,46.99,15,support,0.26,2.48,SUPPORT_BOUNCE,8.57,43.7293,Touches: 15 · Level low: $46.21 · ATR(14): $2.48 · Stop: $43.7293,Near support $46.99 · enter on bounce candle · can hold multi-day,15 touches at $46.99 · 0.3% away · ATR $2.48
2026-06-23 22:29 BST,KBGGY,15.33,,,,15.3708,13,resistance,0.27,0.53,RESISTANCE_WARNING,8.56,14.606,Touches: 13 · Level low: $15.14 · ATR(14): $0.53 · Stop: $14.606,Near resistance $15.3708 · consider exit or avoid entry,13 touches at $15.3708 · 0.3% away · ATR $0.53
2026-06-23 22:30 BST,KTCC,3.76,,,,3.77,5,resistance,0.27,0.27,RESISTANCE_WARNING,8.56,3.4568,Touches: 5 · Level low: $3.73 · ATR(14): $0.27 · Stop: $3.4568,Near resistance $3.77 · consider exit or avoid entry,5 touches at $3.77 · 0.3% away · ATR $0.27
2026-06-23 22:31 BST,LBTYA,11.21,,,,11.24,28,resistance,0.27,0.39,RESISTANCE_WARNING,8.56,10.7139,Touches: 28 · Level low: $11.1 · ATR(14): $0.39 · Stop: $10.7139,Near resistance $11.24 · consider exit or avoid entry,28 touches at $11.24 · 0.3% away · ATR $0.39
2026-06-23 22:31 BST,LBRT,27.05,,,,26.9766,26,support,0.27,1.36,SUPPORT_BOUNCE,8.55,25.3342,Touches: 26 · Level low: $26.6974 · ATR(14): $1.36 · Stop: $25.3342,Near support $26.9766 · enter on bounce candle · can hold multi-day,26 touches at $26.9766 · 0.3% away · ATR $1.36
2026-06-23 22:30 BST,KMTUY,40.68,,,,40.79,35,resistance,0.27,1.38,RESISTANCE_WARNING,8.55,38.7086,Touches: 35 · Level low: $40.09 · ATR(14): $1.38 · Stop: $38.7086,Near resistance $40.79 · consider exit or avoid entry,35 touches at $40.79 · 0.3% away · ATR $1.38
2026-06-23 22:29 BST,KAOOY,7.45,,,,7.43,58,support,0.27,0.14,SUPPORT_BOUNCE,8.55,7.155,Touches: 58 · Level low: $7.29 · ATR(14): $0.14 · Stop: $7.155,Near support $7.43 · enter on bounce candle · can hold multi-day,58 touches at $7.43 · 0.3% away · ATR $0.14
2026-06-23 22:29 BST,KAIKY,16.8,,,,16.845,80,resistance,0.27,0.02,RESISTANCE_WARNING,8.55,16.7434,Touches: 80 · Level low: $16.763 · ATR(14): $0.02 · Stop: $16.7434,Near resistance $16.845 · consider exit or avoid entry,80 touches at $16.845 · 0.3% away · ATR $0.02
2026-06-23 22:29 BST,KAEPY,7.21,,,,7.19,15,support,0.28,0.56,SUPPORT_BOUNCE,8.54,6.49,Touches: 15 · Level low: $7.05 · ATR(14): $0.56 · Stop: $6.49,Near support $7.19 · enter on bounce candle · can hold multi-day,15 touches at $7.19 · 0.3% away · ATR $0.56
2026-06-23 22:31 BST,LND,3.53,,,,3.52,7,support,0.28,0.07,SUPPORT_BOUNCE,8.53,3.4254,Touches: 7 · Level low: $3.5 · ATR(14): $0.07 · Stop: $3.4254,Near support $3.52 · enter on bounce candle · can hold multi-day,7 touches at $3.52 · 0.3% away · ATR $0.07
2026-06-23 22:30 BST,LAW,3.5,,,,3.51,9,resistance,0.28,0.23,RESISTANCE_WARNING,8.53,3.2328,Touches: 9 · Level low: $3.46 · ATR(14): $0.23 · Stop: $3.2328,Near resistance $3.51 · consider exit or avoid entry,9 touches at $3.51 · 0.3% away · ATR $0.23
2026-06-23 22:29 BST,JSAIY,16.3,,,,16.2546,36,support,0.28,0.35,SUPPORT_BOUNCE,8.53,15.6421,Touches: 36 · Level low: $15.9874 · ATR(14): $0.35 · Stop: $15.6421,Near support $16.2546 · enter on bounce candle · can hold multi-day,36 touches at $16.2546 · 0.3% away · ATR $0.35
2026-06-23 22:30 BST,KMPR,26.22,,,,26.295,6,resistance,0.29,1.04,RESISTANCE_WARNING,8.52,24.9536,Touches: 6 · Level low: $25.99 · ATR(14): $1.04 · Stop: $24.9536,Near resistance $26.295 · consider exit or avoid entry,6 touches at $26.295 · 0.3% away · ATR $1.04
2026-06-23 22:30 BST,KWHIY,7.55,,,,7.572,16,resistance,0.29,0.28,RESISTANCE_WARNING,8.52,7.1871,Touches: 16 · Level low: $7.47 · ATR(14): $0.28 · Stop: $7.1871,Near resistance $7.572 · consider exit or avoid entry,16 touches at $7.572 · 0.3% away · ATR $0.28
2026-06-23 22:30 BST,KGC,25.01,,,,24.9375,4,support,0.29,1.43,SUPPORT_BOUNCE,8.52,23.2375,Touches: 4 · Level low: $24.67 · ATR(14): $1.43 · Stop: $23.2375,Near support $24.9375 · enter on bounce candle · can hold multi-day,4 touches at $24.9375 · 0.3% away · ATR $1.43
2026-06-23 22:29 BST,KCLI,33.37,,,,33.2707,46,support,0.3,0.13,SUPPORT_BOUNCE,8.5,32.6922,Touches: 46 · Level low: $32.8258 · ATR(14): $0.13 · Stop: $32.6922,Near support $33.2707 · enter on bounce candle · can hold multi-day,46 touches at $33.2707 · 0.3% away · ATR $0.13
2026-06-23 22:31 BST,LEGO,9.92,,,,9.89,136,support,0.3,0.03,SUPPORT_BOUNCE,8.49,9.8146,Touches: 136 · Level low: $9.84 · ATR(14): $0.03 · Stop: $9.8146,Near support $9.89 · enter on bounce candle · can hold multi-day,136 touches at $9.89 · 0.3% away · ATR $0.03
2026-06-23 22:30 BST,KROS,11.0,,,,11.035,28,resistance,0.32,0.46,RESISTANCE_WARNING,8.47,10.4109,Touches: 28 · Level low: $10.866 · ATR(14): $0.46 · Stop: $10.4109,Near resistance $11.035 · consider exit or avoid entry,28 touches at $11.035 · 0.3% away · ATR $0.46
2026-06-23 22:29 BST,JUMSY,27.19,,,,27.1,50,support,0.33,0.94,SUPPORT_BOUNCE,8.45,25.6988,Touches: 50 · Level low: $26.64 · ATR(14): $0.94 · Stop: $25.6988,Near support $27.1 · enter on bounce candle · can hold multi-day,50 touches at $27.1 · 0.3% away · ATR $0.94
2026-06-23 22:30 BST,KTB,76.84,,,,77.0986,14,resistance,0.34,3.6,RESISTANCE_WARNING,8.44,72.4465,Touches: 14 · Level low: $76.05 · ATR(14): $3.6 · Stop: $72.4465,Near resistance $77.0986 · consider exit or avoid entry,14 touches at $77.0986 · 0.3% away · ATR $3.6
2026-06-23 22:30 BST,KT,17.78,,,,17.72,8,support,0.34,0.52,SUPPORT_BOUNCE,8.44,16.9793,Touches: 8 · Level low: $17.5 · ATR(14): $0.52 · Stop: $16.9793,Near support $17.72 · enter on bounce candle · can hold multi-day,8 touches at $17.72 · 0.3% away · ATR $0.52
2026-06-23 22:31 BST,LIFZF,19.75,,,,19.6824,11,support,0.34,0.81,SUPPORT_BOUNCE,8.43,18.545,Touches: 11 · Level low: $19.36 · ATR(14): $0.81 · Stop: $18.545,Near support $19.6824 · enter on bounce candle · can hold multi-day,11 touches at $19.6824 · 0.3% away · ATR $0.81
2026-06-23 22:30 BST,KNF,86.64,,,,86.94,31,resistance,0.35,3.65,RESISTANCE_WARNING,8.42,81.9909,Touches: 31 · Level low: $85.64 · ATR(14): $3.65 · Stop: $81.9909,Near resistance $86.94 · consider exit or avoid entry,31 touches at $86.94 · 0.3% away · ATR $3.65
2026-06-23 22:30 BST,KHNGY,45.21,,,,45.05,56,support,0.36,0.88,SUPPORT_BOUNCE,8.41,43.7178,Touches: 56 · Level low: $44.5985 · ATR(14): $0.88 · Stop: $43.7178,Near support $45.05 · enter on bounce candle · can hold multi-day,56 touches at $45.05 · 0.4% away · ATR $0.88
2026-06-23 22:29 BST,JPXGY,12.67,,,,12.624,21,support,0.36,0.53,SUPPORT_BOUNCE,8.39,11.936,Touches: 21 · Level low: $12.47 · ATR(14): $0.53 · Stop: $11.936,Near support $12.624 · enter on bounce candle · can hold multi-day,21 touches at $12.624 · 0.4% away · ATR $0.53
2026-06-23 22:31 BST,LEAT,12.08,,,,12.125,22,resistance,0.37,0.15,RESISTANCE_WARNING,8.38,11.8186,Touches: 22 · Level low: $11.97 · ATR(14): $0.15 · Stop: $11.8186,Near resistance $12.125 · consider exit or avoid entry,22 touches at $12.125 · 0.4% away · ATR $0.15
2026-06-23 22:30 BST,KLTR,1.35,,,,1.345,15,support,0.37,0.07,SUPPORT_BOUNCE,8.38,1.2515,Touches: 15 · Level low: $1.32 · ATR(14): $0.07 · Stop: $1.2515,Near support $1.345 · enter on bounce candle · can hold multi-day,15 touches at $1.345 · 0.4% away · ATR $0.07
2026-06-23 22:30 BST,KKR,93.5,,,,93.86,24,resistance,0.38,3.89,RESISTANCE_WARNING,8.36,89.1243,Touches: 24 · Level low: $93.01 · ATR(14): $3.89 · Stop: $89.1243,Near resistance $93.86 · consider exit or avoid entry,24 touches at $93.86 · 0.4% away · ATR $3.89
2026-06-23 22:30 BST,LAND,8.75,,,,8.7165,13,support,0.38,0.22,SUPPORT_BOUNCE,8.36,8.3637,Touches: 13 · Level low: $8.5796 · ATR(14): $0.22 · Stop: $8.3637,Near support $8.7165 · enter on bounce candle · can hold multi-day,13 touches at $8.7165 · 0.4% away · ATR $0.22
2026-06-23 22:29 BST,KD,11.13,,,,11.175,14,resistance,0.4,0.63,RESISTANCE_WARNING,8.33,10.4079,Touches: 14 · Level low: $11.04 · ATR(14): $0.63 · Stop: $10.4079,Near resistance $11.175 · consider exit or avoid entry,14 touches at $11.175 · 0.4% away · ATR $0.63
2026-06-23 22:32 BST,LOMA,12.2,,,,12.25,17,resistance,0.41,0.57,RESISTANCE_WARNING,8.32,11.5444,Touches: 17 · Level low: $12.11 · ATR(14): $0.57 · Stop: $11.5444,Near resistance $12.25 · consider exit or avoid entry,17 touches at $12.25 · 0.4% away · ATR $0.57
2026-06-23 22:30 BST,KURA,10.38,,,,10.4225,12,resistance,0.41,0.49,RESISTANCE_WARNING,8.32,9.7946,Touches: 12 · Level low: $10.28 · ATR(14): $0.49 · Stop: $9.7946,Near resistance $10.4225 · consider exit or avoid entry,12 touches at $10.4225 · 0.4% away · ATR $0.49
2026-06-23 22:29 BST,JPM,334.14,,,,332.77,11,support,0.41,7.92,SUPPORT_BOUNCE,8.31,321.794,Touches: 11 · Level low: $329.7126 · ATR(14): $7.92 · Stop: $321.794,Near support $332.77 · enter on bounce candle · can hold multi-day,11 touches at $332.77 · 0.4% away · ATR $7.92
2026-06-23 22:30 BST,KODK,9.54,,,,9.5,17,support,0.42,0.48,SUPPORT_BOUNCE,8.3,8.8543,Touches: 17 · Level low: $9.33 · ATR(14): $0.48 · Stop: $8.8543,Near support $9.5 · enter on bounce candle · can hold multi-day,17 touches at $9.5 · 0.4% away · ATR $0.48
2026-06-23 22:30 BST,KMDA,7.13,,,,7.1,8,support,0.42,0.17,SUPPORT_BOUNCE,8.3,6.8121,Touches: 8 · Level low: $6.98 · ATR(14): $0.17 · Stop: $6.8121,Near support $7.1 · enter on bounce candle · can hold multi-day,8 touches at $7.1 · 0.4% away · ATR $0.17
2026-06-23 22:29 BST,KFS,10.55,,,,10.505,22,support,0.43,0.34,SUPPORT_BOUNCE,8.29,10.0196,Touches: 22 · Level low: $10.36 · ATR(14): $0.34 · Stop: $10.0196,Near support $10.505 · enter on bounce candle · can hold multi-day,22 touches at $10.505 · 0.4% away · ATR $0.34
2026-06-23 22:32 BST,LOVE,14.59,,,,14.5275,16,support,0.43,1.04,SUPPORT_BOUNCE,8.28,13.2824,Touches: 16 · Level low: $14.32 · ATR(14): $1.04 · Stop: $13.2824,Near support $14.5275 · enter on bounce candle · can hold multi-day,16 touches at $14.5275 · 0.4% away · ATR $1.04
2026-06-23 22:30 BST,KLRA,21.37,,,,21.465,8,resistance,0.44,1.66,RESISTANCE_WARNING,8.26,19.5636,Touches: 8 · Level low: $21.22 · ATR(14): $1.66 · Stop: $19.5636,Near resistance $21.465 · consider exit or avoid entry,8 touches at $21.465 · 0.4% away · ATR $1.66
2026-06-23 22:30 BST,KNX,74.0,,,,74.3353,8,resistance,0.45,2.9,RESISTANCE_WARNING,8.25,70.7611,Touches: 8 · Level low: $73.66 · ATR(14): $2.9 · Stop: $70.7611,Near resistance $74.3353 · consider exit or avoid entry,8 touches at $74.3353 · 0.5% away · ATR $2.9
2026-06-23 22:31 BST,LBRDA,30.82,,,,30.96,9,resistance,0.45,1.51,RESISTANCE_WARNING,8.25,29.1112,Touches: 9 · Level low: $30.62 · ATR(14): $1.51 · Stop: $29.1112,Near resistance $30.96 · consider exit or avoid entry,9 touches at $30.96 · 0.5% away · ATR $1.51
2026-06-23 22:29 BST,JYNT,9.13,,,,9.1715,30,resistance,0.45,0.42,RESISTANCE_WARNING,8.25,8.63,Touches: 30 · Level low: $9.05 · ATR(14): $0.42 · Stop: $8.63,Near resistance $9.1715 · consider exit or avoid entry,30 touches at $9.1715 · 0.5% away · ATR $0.42
2026-06-23 22:31 BST,LKQ,25.73,,,,25.8483,16,resistance,0.46,0.83,RESISTANCE_WARNING,8.24,24.7541,Touches: 16 · Level low: $25.5798 · ATR(14): $0.83 · Stop: $24.7541,Near resistance $25.8483 · consider exit or avoid entry,16 touches at $25.8483 · 0.5% away · ATR $0.83
2026-06-23 22:30 BST,KMTS,20.69,,,,20.595,18,support,0.46,1.4,SUPPORT_BOUNCE,8.23,18.9354,Touches: 18 · Level low: $20.34 · ATR(14): $1.4 · Stop: $18.9354,Near support $20.595 · enter on bounce candle · can hold multi-day,18 touches at $20.595 · 0.5% away · ATR $1.4
2026-06-23 22:30 BST,KNSL,304.48,,,,303.0791,24,support,0.46,10.16,SUPPORT_BOUNCE,8.23,287.6126,Touches: 24 · Level low: $297.77 · ATR(14): $10.16 · Stop: $287.6126,Near support $303.0791 · enter on bounce candle · can hold multi-day,24 touches at $303.0791 · 0.5% away · ATR $10.16
2026-06-23 22:30 BST,KYSEY,10.585,,,,10.635,19,resistance,0.47,1.23,RESISTANCE_WARNING,8.22,9.2741,Touches: 19 · Level low: $10.5 · ATR(14): $1.23 · Stop: $9.2741,Near resistance $10.635 · consider exit or avoid entry,19 touches at $10.635 · 0.5% away · ATR $1.23
2026-06-23 22:30 BST,KGFHY,7.26,,,,7.2941,18,resistance,0.47,0.16,RESISTANCE_WARNING,8.22,7.0146,Touches: 18 · Level low: $7.1775 · ATR(14): $0.16 · Stop: $7.0146,Near resistance $7.2941 · consider exit or avoid entry,18 touches at $7.2941 · 0.5% away · ATR $0.16
2026-06-23 22:29 BST,KBCSY,69.29,,,,69.6205,8,resistance,0.47,1.42,RESISTANCE_WARNING,8.21,67.9536,Touches: 8 · Level low: $69.37 · ATR(14): $1.42 · Stop: $67.9536,Near resistance $69.6205 · consider exit or avoid entry,8 touches at $69.6205 · 0.5% away · ATR $1.42
2026-06-23 22:30 BST,KLAR,17.75,,,,17.835,11,resistance,0.48,1.03,RESISTANCE_WARNING,8.21,16.5851,Touches: 11 · Level low: $17.62 · ATR(14): $1.03 · Stop: $16.5851,Near resistance $17.835 · consider exit or avoid entry,11 touches at $17.835 · 0.5% away · ATR $1.03
2026-06-23 22:31 BST,LLESY,2.11,,,,2.1,12,support,0.48,0.09,SUPPORT_BOUNCE,8.21,1.9857,Touches: 12 · Level low: $2.08 · ATR(14): $0.09 · Stop: $1.9857,Near support $2.1 · enter on bounce candle · can hold multi-day,12 touches at $2.1 · 0.5% away · ATR $0.09
2026-06-23 22:31 BST,LECO,269.11,,,,267.83,43,support,0.48,7.96,SUPPORT_BOUNCE,8.2,256.1621,Touches: 43 · Level low: $264.12 · ATR(14): $7.96 · Stop: $256.1621,Near support $267.83 · enter on bounce candle · can hold multi-day,43 touches at $267.83 · 0.5% away · ATR $7.96
2026-06-23 22:29 BST,JTTRY,15.735,,,,15.66,30,support,0.48,0.05,SUPPORT_BOUNCE,8.2,15.6146,Touches: 30 · Level low: $15.66 · ATR(14): $0.05 · Stop: $15.6146,Near support $15.66 · enter on bounce candle · can hold multi-day,30 touches at $15.66 · 0.5% away · ATR $0.05
2026-06-23 22:31 BST,LGCB,0.414,,,,0.412,5,support,0.49,0.09,SUPPORT_BOUNCE,8.19,0.3214,Touches: 5 · Level low: $0.41 · ATR(14): $0.09 · Stop: $0.3214,Near support $0.412 · enter on bounce candle · can hold multi-day,5 touches at $0.412 · 0.5% away · ATR $0.09
2026-06-23 22:31 BST,LINK,4.12,,,,4.14,4,resistance,0.48,0.41,RESISTANCE_WARNING,8.19,3.6611,Touches: 4 · Level low: $4.07 · ATR(14): $0.41 · Stop: $3.6611,Near resistance $4.14 · consider exit or avoid entry,4 touches at $4.14 · 0.5% away · ATR $0.41
2026-06-23 22:30 BST,KMB,103.95,,,,104.467,21,resistance,0.49,2.81,RESISTANCE_WARNING,8.18,99.7915,Touches: 21 · Level low: $102.6 · ATR(14): $2.81 · Stop: $99.7915,Near resistance $104.467 · consider exit or avoid entry,21 touches at $104.467 · 0.5% away · ATR $2.81
2026-06-23 22:29 BST,JRVR,4.02,,,,4.0,19,support,0.5,0.16,SUPPORT_BOUNCE,8.17,3.7762,Touches: 19 · Level low: $3.935 · ATR(14): $0.16 · Stop: $3.7762,Near support $4.0 · enter on bounce candle · can hold multi-day,19 touches at $4.0 · 0.5% away · ATR $0.16
2026-06-23 22:30 BST,KIROY,6.06,,,,6.03,12,support,0.5,0.33,SUPPORT_BOUNCE,8.17,5.6007,Touches: 12 · Level low: $5.93 · ATR(14): $0.33 · Stop: $5.6007,Near support $6.03 · enter on bounce candle · can hold multi-day,12 touches at $6.03 · 0.5% away · ATR $0.33
2026-06-23 22:30 BST,KGEI,4.96,,,,4.935,14,support,0.51,0.31,SUPPORT_BOUNCE,8.16,4.5525,Touches: 14 · Level low: $4.86 · ATR(14): $0.31 · Stop: $4.5525,Near support $4.935 · enter on bounce candle · can hold multi-day,14 touches at $4.935 · 0.5% away · ATR $0.31
2026-06-23 22:30 BST,KPTI,9.65,,,,9.6,13,support,0.52,0.67,SUPPORT_BOUNCE,8.13,8.7851,Touches: 13 · Level low: $9.46 · ATR(14): $0.67 · Stop: $8.7851,Near support $9.6 · enter on bounce candle · can hold multi-day,13 touches at $9.6 · 0.5% away · ATR $0.67
2026-06-23 22:31 BST,LBRX,30.6,,,,30.76,16,resistance,0.52,1.67,RESISTANCE_WARNING,8.13,28.6004,Touches: 16 · Level low: $30.27 · ATR(14): $1.67 · Stop: $28.6004,Near resistance $30.76 · consider exit or avoid entry,16 touches at $30.76 · 0.5% away · ATR $1.67
2026-06-23 22:31 BST,LIFE,15.26,,,,15.18,6,support,0.53,1.22,SUPPORT_BOUNCE,8.12,13.8871,Touches: 6 · Level low: $15.11 · ATR(14): $1.22 · Stop: $13.8871,Near support $15.18 · enter on bounce candle · can hold multi-day,6 touches at $15.18 · 0.5% away · ATR $1.22
2026-06-23 22:30 BST,KNSA,59.49,,,,59.8075,6,resistance,0.53,2.03,RESISTANCE_WARNING,8.12,56.82,Touches: 6 · Level low: $58.85 · ATR(14): $2.03 · Stop: $56.82,Near resistance $59.8075 · consider exit or avoid entry,6 touches at $59.8075 · 0.5% away · ATR $2.03
2026-06-23 22:32 BST,LPLA,295.1,,,,296.6836,36,resistance,0.53,10.33,RESISTANCE_WARNING,8.11,282.1764,Touches: 36 · Level low: $292.51 · ATR(14): $10.33 · Stop: $282.1764,Near resistance $296.6836 · consider exit or avoid entry,36 touches at $296.6836 · 0.5% away · ATR $10.33
2026-06-23 22:30 BST,KFY,71.72,,,,71.34,15,support,0.53,2.21,SUPPORT_BOUNCE,8.11,68.0593,Touches: 15 · Level low: $70.27 · ATR(14): $2.21 · Stop: $68.0593,Near support $71.34 · enter on bounce candle · can hold multi-day,15 touches at $71.34 · 0.5% away · ATR $2.21
2026-06-23 22:30 BST,LASR,66.44,,,,66.085,16,support,0.54,5.87,SUPPORT_BOUNCE,8.1,59.6666,Touches: 16 · Level low: $65.535 · ATR(14): $5.87 · Stop: $59.6666,Near support $66.085 · enter on bounce candle · can hold multi-day,16 touches at $66.085 · 0.5% away · ATR $5.87
2026-06-23 22:31 BST,LEDS,1.82,,,,1.83,12,resistance,0.55,0.21,RESISTANCE_WARNING,8.09,1.5904,Touches: 12 · Level low: $1.8 · ATR(14): $0.21 · Stop: $1.5904,Near resistance $1.83 · consider exit or avoid entry,12 touches at $1.83 · 0.5% away · ATR $0.21
2026-06-23 22:32 BST,LRMR,3.68,,,,3.66,17,support,0.55,0.25,SUPPORT_BOUNCE,8.09,3.3694,Touches: 17 · Level low: $3.615 · ATR(14): $0.25 · Stop: $3.3694,Near support $3.66 · enter on bounce candle · can hold multi-day,17 touches at $3.66 · 0.5% away · ATR $0.25
2026-06-23 22:31 BST,LEE,9.06,,,,9.11,13,resistance,0.55,0.75,RESISTANCE_WARNING,8.09,8.295,Touches: 13 · Level low: $9.05 · ATR(14): $0.75 · Stop: $8.295,Near resistance $9.11 · consider exit or avoid entry,13 touches at $9.11 · 0.5% away · ATR $0.75
2026-06-23 22:30 BST,KRKNF,5.0,,,,4.9725,8,support,0.55,0.4,SUPPORT_BOUNCE,8.08,4.5504,Touches: 8 · Level low: $4.95 · ATR(14): $0.4 · Stop: $4.5504,Near support $4.9725 · enter on bounce candle · can hold multi-day,8 touches at $4.9725 · 0.6% away · ATR $0.4
2026-06-23 22:31 BST,LEG,10.92,,,,10.86,29,support,0.55,0.41,SUPPORT_BOUNCE,8.08,10.3136,Touches: 29 · Level low: $10.7261 · ATR(14): $0.41 · Stop: $10.3136,Near support $10.86 · enter on bounce candle · can hold multi-day,29 touches at $10.86 · 0.6% away · ATR $0.41
2026-06-23 22:32 BST,LRCX,371.33,,,,373.3984,4,resistance,0.55,28.5,RESISTANCE_WARNING,8.08,340.0094,Touches: 4 · Level low: $368.5104 · ATR(14): $28.5 · Stop: $340.0094,Near resistance $373.3984 · consider exit or avoid entry,4 touches at $373.3984 · 0.6% away · ATR $28.5
2026-06-23 22:30 BST,KNYJY,28.07,,,,28.23,15,resistance,0.57,0.47,RESISTANCE_WARNING,8.06,27.4504,Touches: 15 · Level low: $27.923 · ATR(14): $0.47 · Stop: $27.4504,Near resistance $28.23 · consider exit or avoid entry,15 touches at $28.23 · 0.6% away · ATR $0.47
2026-06-23 22:29 BST,KEQU,35.278,,,,35.48,20,resistance,0.57,1.17,RESISTANCE_WARNING,8.05,33.9265,Touches: 20 · Level low: $35.1 · ATR(14): $1.17 · Stop: $33.9265,Near resistance $35.48 · consider exit or avoid entry,20 touches at $35.48 · 0.6% away · ATR $1.17
2026-06-23 22:31 BST,LEVI,23.37,,,,23.5066,12,resistance,0.58,0.73,RESISTANCE_WARNING,8.03,22.6172,Touches: 12 · Level low: $23.35 · ATR(14): $0.73 · Stop: $22.6172,Near resistance $23.5066 · consider exit or avoid entry,12 touches at $23.5066 · 0.6% away · ATR $0.73
2026-06-23 22:30 BST,LAES,3.34,,,,3.36,10,resistance,0.6,0.31,RESISTANCE_WARNING,8.01,3.0039,Touches: 10 · Level low: $3.31 · ATR(14): $0.31 · Stop: $3.0039,Near resistance $3.36 · consider exit or avoid entry,10 touches at $3.36 · 0.6% away · ATR $0.31
2026-06-23 22:29 BST,JVA,3.33,,,,3.33,3,resistance,0.0,0.23,RESISTANCE_WARNING,8.0,3.0779,Touches: 3 · Level low: $3.31 · ATR(14): $0.23 · Stop: $3.0779,Near resistance $3.33 · consider exit or avoid entry,3 touches at $3.33 · 0.0% away · ATR $0.23
2026-06-23 22:31 BST,LDSCY,8.37,,,,8.32,43,support,0.6,0.28,SUPPORT_BOUNCE,8.0,7.9259,Touches: 43 · Level low: $8.2108 · ATR(14): $0.28 · Stop: $7.9259,Near support $8.32 · enter on bounce candle · can hold multi-day,43 touches at $8.32 · 0.6% away · ATR $0.28
2026-06-23 22:31 BST,LNC,38.19,,,,38.425,14,resistance,0.61,1.02,RESISTANCE_WARNING,7.98,36.9732,Touches: 14 · Level low: $37.99 · ATR(14): $1.02 · Stop: $36.9732,Near resistance $38.425 · consider exit or avoid entry,14 touches at $38.425 · 0.6% away · ATR $1.02
2026-06-23 22:31 BST,LLY,1107.08,,,,1113.8804,15,resistance,0.61,36.44,RESISTANCE_WARNING,7.98,1064.344,Touches: 15 · Level low: $1100.7847 · ATR(14): $36.44 · Stop: $1064.344,Near resistance $1113.8804 · consider exit or avoid entry,15 touches at $1113.8804 · 0.6% away · ATR $36.44
2026-06-23 22:30 BST,KIDS,18.375,,,,18.2625,36,support,0.62,0.76,SUPPORT_BOUNCE,7.97,17.2402,Touches: 36 · Level low: $18.0 · ATR(14): $0.76 · Stop: $17.2402,Near support $18.2625 · enter on bounce candle · can hold multi-day,36 touches at $18.2625 · 0.6% away · ATR $0.76
2026-06-23 22:30 BST,LAUR,36.58,,,,36.35,9,support,0.63,1.2,SUPPORT_BOUNCE,7.95,35.0171,Touches: 9 · Level low: $36.22 · ATR(14): $1.2 · Stop: $35.0171,Near support $36.35 · enter on bounce candle · can hold multi-day,9 touches at $36.35 · 0.6% away · ATR $1.2
2026-06-23 22:30 BST,KRT,29.8,,,,29.6103,19,support,0.64,0.97,SUPPORT_BOUNCE,7.93,28.2071,Touches: 19 · Level low: $29.1735 · ATR(14): $0.97 · Stop: $28.2071,Near support $29.6103 · enter on bounce candle · can hold multi-day,19 touches at $29.6103 · 0.6% away · ATR $0.97
2026-06-23 22:31 BST,LNG,234.22,,,,235.7575,24,resistance,0.65,7.27,RESISTANCE_WARNING,7.91,225.5646,Touches: 24 · Level low: $232.83 · ATR(14): $7.27 · Stop: $225.5646,Near resistance $235.7575 · consider exit or avoid entry,24 touches at $235.7575 · 0.7% away · ATR $7.27
2026-06-23 22:29 BST,KAPA,0.4272,,,,0.43,7,resistance,0.65,0.03,RESISTANCE_WARNING,7.91,0.3922,Touches: 7 · Level low: $0.425 · ATR(14): $0.03 · Stop: $0.3922,Near resistance $0.43 · consider exit or avoid entry,7 touches at $0.43 · 0.7% away · ATR $0.03
2026-06-23 22:30 BST,KMT,35.1,,,,35.33,25,resistance,0.65,1.2,RESISTANCE_WARNING,7.91,33.6786,Touches: 25 · Level low: $34.88 · ATR(14): $1.2 · Stop: $33.6786,Near resistance $35.33 · consider exit or avoid entry,25 touches at $35.33 · 0.7% away · ATR $1.2
2026-06-23 22:30 BST,KXIN,4.59,,,,4.56,7,support,0.66,0.49,SUPPORT_BOUNCE,7.9,4.0209,Touches: 7 · Level low: $4.515 · ATR(14): $0.49 · Stop: $4.0209,Near support $4.56 · enter on bounce candle · can hold multi-day,7 touches at $4.56 · 0.7% away · ATR $0.49
2026-06-23 22:31 BST,LINE,40.82,,,,41.09,10,resistance,0.66,1.47,RESISTANCE_WARNING,7.9,38.9221,Touches: 10 · Level low: $40.39 · ATR(14): $1.47 · Stop: $38.9221,Near resistance $41.09 · consider exit or avoid entry,10 touches at $41.09 · 0.7% away · ATR $1.47
2026-06-23 22:29 BST,JXN,109.89,,,,109.1658,55,support,0.66,2.94,SUPPORT_BOUNCE,7.89,104.7631,Touches: 55 · Level low: $107.7014 · ATR(14): $2.94 · Stop: $104.7631,Near support $109.1658 · enter on bounce candle · can hold multi-day,55 touches at $109.1658 · 0.7% away · ATR $2.94
2026-06-23 22:31 BST,LCNB,17.39,,,,17.2741,25,support,0.67,0.52,SUPPORT_BOUNCE,7.88,16.6583,Touches: 25 · Level low: $17.1754 · ATR(14): $0.52 · Stop: $16.6583,Near support $17.2741 · enter on bounce candle · can hold multi-day,25 touches at $17.2741 · 0.7% away · ATR $0.52
2026-06-23 22:30 BST,KSPI,83.5,,,,82.9385,17,support,0.68,3.16,SUPPORT_BOUNCE,7.87,78.7645,Touches: 17 · Level low: $81.92 · ATR(14): $3.16 · Stop: $78.7645,Near support $82.9385 · enter on bounce candle · can hold multi-day,17 touches at $82.9385 · 0.7% away · ATR $3.16
2026-06-23 22:30 BST,KZIA,14.69,,,,14.79,6,resistance,0.68,1.15,RESISTANCE_WARNING,7.87,13.5079,Touches: 6 · Level low: $14.66 · ATR(14): $1.15 · Stop: $13.5079,Near resistance $14.79 · consider exit or avoid entry,6 touches at $14.79 · 0.7% away · ATR $1.15
2026-06-23 22:31 BST,LHAI,0.735,,,,0.73,6,support,0.68,0.07,SUPPORT_BOUNCE,7.86,0.6621,Touches: 6 · Level low: $0.73 · ATR(14): $0.07 · Stop: $0.6621,Near support $0.73 · enter on bounce candle · can hold multi-day,6 touches at $0.73 · 0.7% away · ATR $0.07
2026-06-23 22:30 BST,LAMR,152.38,,,,151.3263,29,support,0.7,3.02,SUPPORT_BOUNCE,7.84,146.9627,Touches: 29 · Level low: $149.9803 · ATR(14): $3.02 · Stop: $146.9627,Near support $151.3263 · enter on bounce candle · can hold multi-day,29 touches at $151.3263 · 0.7% away · ATR $3.02
2026-06-23 22:30 BST,KOF,107.0,,,,107.75,50,resistance,0.7,2.73,RESISTANCE_WARNING,7.84,103.6011,Touches: 50 · Level low: $106.33 · ATR(14): $2.73 · Stop: $103.6011,Near resistance $107.75 · consider exit or avoid entry,50 touches at $107.75 · 0.7% away · ATR $2.73
2026-06-23 22:32 BST,LOCO,15.48,,,,15.59,9,resistance,0.71,0.52,RESISTANCE_WARNING,7.82,14.8854,Touches: 9 · Level low: $15.41 · ATR(14): $0.52 · Stop: $14.8854,Near resistance $15.59 · consider exit or avoid entry,9 touches at $15.59 · 0.7% away · ATR $0.52
2026-06-23 22:32 BST,LPL,4.14,,,,4.17,47,resistance,0.72,0.3,RESISTANCE_WARNING,7.8,3.8279,Touches: 47 · Level low: $4.13 · ATR(14): $0.3 · Stop: $3.8279,Near resistance $4.17 · consider exit or avoid entry,47 touches at $4.17 · 0.7% away · ATR $0.3
2026-06-23 22:30 BST,KRMD,4.13,,,,4.16,35,resistance,0.72,0.17,RESISTANCE_WARNING,7.8,3.9395,Touches: 35 · Level low: $4.11 · ATR(14): $0.17 · Stop: $3.9395,Near resistance $4.16 · consider exit or avoid entry,35 touches at $4.16 · 0.7% away · ATR $0.17
2026-06-23 22:30 BST,KRNT,16.14,,,,16.025,45,support,0.72,0.68,SUPPORT_BOUNCE,7.8,15.1109,Touches: 45 · Level low: $15.79 · ATR(14): $0.68 · Stop: $15.1109,Near support $16.025 · enter on bounce candle · can hold multi-day,45 touches at $16.025 · 0.7% away · ATR $0.68
2026-06-23 22:30 BST,KRG,28.62,,,,28.83,11,resistance,0.73,0.56,RESISTANCE_WARNING,7.79,27.9271,Touches: 11 · Level low: $28.49 · ATR(14): $0.56 · Stop: $27.9271,Near resistance $28.83 · consider exit or avoid entry,11 touches at $28.83 · 0.7% away · ATR $0.56
2026-06-23 22:32 BST,LNT,74.57,,,,74.67,3,resistance,0.13,1.33,RESISTANCE_WARNING,7.78,73.3293,Touches: 3 · Level low: $74.66 · ATR(14): $1.33 · Stop: $73.3293,Near resistance $74.67 · consider exit or avoid entry,3 touches at $74.67 · 0.1% away · ATR $1.33
2026-06-23 22:30 BST,KRUS,47.06,,,,46.715,6,support,0.74,2.91,SUPPORT_BOUNCE,7.77,43.2932,Touches: 6 · Level low: $46.2 · ATR(14): $2.91 · Stop: $43.2932,Near support $46.715 · enter on bounce candle · can hold multi-day,6 touches at $46.715 · 0.7% away · ATR $2.91
2026-06-23 22:31 BST,LMRI,9.43,,,,9.36,8,support,0.75,0.69,SUPPORT_BOUNCE,7.75,8.5262,Touches: 8 · Level low: $9.22 · ATR(14): $0.69 · Stop: $8.5262,Near support $9.36 · enter on bounce candle · can hold multi-day,8 touches at $9.36 · 0.7% away · ATR $0.69
2026-06-23 22:31 BST,LMAT,91.95,,,,91.2664,20,support,0.75,3.12,SUPPORT_BOUNCE,7.75,87.1643,Touches: 20 · Level low: $90.28 · ATR(14): $3.12 · Stop: $87.1643,Near support $91.2664 · enter on bounce candle · can hold multi-day,20 touches at $91.2664 · 0.7% away · ATR $3.12
2026-06-23 22:30 BST,KRC,37.2,,,,36.9205,23,support,0.76,1.13,SUPPORT_BOUNCE,7.74,35.2293,Touches: 23 · Level low: $36.3614 · ATR(14): $1.13 · Stop: $35.2293,Near support $36.9205 · enter on bounce candle · can hold multi-day,23 touches at $36.9205 · 0.8% away · ATR $1.13
2026-06-23 22:31 BST,LH,258.59,,,,260.5743,60,resistance,0.76,6.07,RESISTANCE_WARNING,7.73,250.3084,Touches: 60 · Level low: $256.3755 · ATR(14): $6.07 · Stop: $250.3084,Near resistance $260.5743 · consider exit or avoid entry,60 touches at $260.5743 · 0.8% away · ATR $6.07
2026-06-23 22:30 BST,KNOP,10.37,,,,10.45,85,resistance,0.77,0.31,RESISTANCE_WARNING,7.72,9.9987,Touches: 85 · Level low: $10.3108 · ATR(14): $0.31 · Stop: $9.9987,Near resistance $10.45 · consider exit or avoid entry,85 touches at $10.45 · 0.8% away · ATR $0.31
2026-06-23 22:32 BST,LOBO,0.7641,,,,0.77,6,resistance,0.77,0.1,RESISTANCE_WARNING,7.72,0.6647,Touches: 6 · Level low: $0.768 · ATR(14): $0.1 · Stop: $0.6647,Near resistance $0.77 · consider exit or avoid entry,6 touches at $0.77 · 0.8% away · ATR $0.1
2026-06-23 22:30 BST,L,110.58,,,,109.7166,79,support,0.79,1.82,SUPPORT_BOUNCE,7.69,106.5906,Touches: 79 · Level low: $108.4074 · ATR(14): $1.82 · Stop: $106.5906,Near support $109.7166 · enter on bounce candle · can hold multi-day,79 touches at $109.7166 · 0.8% away · ATR $1.82
2026-06-23 22:31 BST,LCTX,1.25,,,,1.26,13,resistance,0.79,0.07,RESISTANCE_WARNING,7.68,1.1843,Touches: 13 · Level low: $1.25 · ATR(14): $0.07 · Stop: $1.1843,Near resistance $1.26 · consider exit or avoid entry,13 touches at $1.26 · 0.8% away · ATR $0.07
2026-06-23 22:32 BST,LRE,1.27,,,,1.26,33,support,0.79,0.07,SUPPORT_BOUNCE,7.68,1.1731,Touches: 33 · Level low: $1.244 · ATR(14): $0.07 · Stop: $1.1731,Near support $1.26 · enter on bounce candle · can hold multi-day,33 touches at $1.26 · 0.8% away · ATR $0.07
2026-06-23 22:31 BST,LEU,177.5,,,,176.11,13,support,0.79,15.06,SUPPORT_BOUNCE,7.68,158.2291,Touches: 13 · Level low: $173.29 · ATR(14): $15.06 · Stop: $158.2291,Near support $176.11 · enter on bounce candle · can hold multi-day,13 touches at $176.11 · 0.8% away · ATR $15.06
2026-06-23 22:29 BST,KBDC,13.75,,,,13.6413,63,support,0.8,0.36,SUPPORT_BOUNCE,7.67,13.0834,Touches: 63 · Level low: $13.4471 · ATR(14): $0.36 · Stop: $13.0834,Near support $13.6413 · enter on bounce candle · can hold multi-day,63 touches at $13.6413 · 0.8% away · ATR $0.36
2026-06-23 22:32 BST,LOGI,104.39,,,,105.23,22,resistance,0.8,3.53,RESISTANCE_WARNING,7.67,100.1686,Touches: 22 · Level low: $103.7 · ATR(14): $3.53 · Stop: $100.1686,Near resistance $105.23 · consider exit or avoid entry,22 touches at $105.23 · 0.8% away · ATR $3.53
2026-06-23 22:29 BST,KARO,47.81,,,,48.194,47,resistance,0.8,2.05,RESISTANCE_WARNING,7.67,45.6552,Touches: 47 · Level low: $47.71 · ATR(14): $2.05 · Stop: $45.6552,Near resistance $48.194 · consider exit or avoid entry,47 touches at $48.194 · 0.8% away · ATR $2.05
2026-06-23 22:29 BST,KALV,27.0,,,,26.785,64,support,0.8,0.04,SUPPORT_BOUNCE,7.66,26.5936,Touches: 64 · Level low: $26.63 · ATR(14): $0.04 · Stop: $26.5936,Near support $26.785 · enter on bounce candle · can hold multi-day,64 touches at $26.785 · 0.8% away · ATR $0.04
2026-06-23 22:30 BST,KMX,51.91,,,,51.495,6,support,0.81,2.79,SUPPORT_BOUNCE,7.66,48.33,Touches: 6 · Level low: $51.12 · ATR(14): $2.79 · Stop: $48.33,Near support $51.495 · enter on bounce candle · can hold multi-day,6 touches at $51.495 · 0.8% away · ATR $2.79
2026-06-23 22:30 BST,KVHI,9.26,,,,9.185,14,support,0.82,0.69,SUPPORT_BOUNCE,7.64,8.4199,Touches: 14 · Level low: $9.11 · ATR(14): $0.69 · Stop: $8.4199,Near support $9.185 · enter on bounce candle · can hold multi-day,14 touches at $9.185 · 0.8% away · ATR $0.69
2026-06-23 22:31 BST,LITOF,0.3529,,,,0.35,9,support,0.83,0.02,SUPPORT_BOUNCE,7.62,0.3295,Touches: 9 · Level low: $0.35 · ATR(14): $0.02 · Stop: $0.3295,Near support $0.35 · enter on bounce candle · can hold multi-day,9 touches at $0.35 · 0.8% away · ATR $0.02
2026-06-23 22:31 BST,LMNR,13.22,,,,13.33,47,resistance,0.83,0.64,RESISTANCE_WARNING,7.62,12.5039,Touches: 47 · Level low: $13.14 · ATR(14): $0.64 · Stop: $12.5039,Near resistance $13.33 · consider exit or avoid entry,47 touches at $13.33 · 0.8% away · ATR $0.64
2026-06-23 22:31 BST,LBGJ,1.17,,,,1.18,5,resistance,0.85,0.2,RESISTANCE_WARNING,7.59,0.9669,Touches: 5 · Level low: $1.17 · ATR(14): $0.2 · Stop: $0.9669,Near resistance $1.18 · consider exit or avoid entry,5 touches at $1.18 · 0.8% away · ATR $0.2
2026-06-23 22:30 BST,KSCP,1.98,,,,1.975,3,support,0.25,0.18,SUPPORT_BOUNCE,7.58,1.7901,Touches: 3 · Level low: $1.97 · ATR(14): $0.18 · Stop: $1.7901,Near support $1.975 · enter on bounce candle · can hold multi-day,3 touches at $1.975 · 0.3% away · ATR $0.18
2026-06-23 22:31 BST,LII,523.59,,,,519.1281,50,support,0.86,18.45,SUPPORT_BOUNCE,7.57,492.8107,Touches: 50 · Level low: $511.26 · ATR(14): $18.45 · Stop: $492.8107,Near support $519.1281 · enter on bounce candle · can hold multi-day,50 touches at $519.1281 · 0.9% away · ATR $18.45
2026-06-23 22:31 BST,LILA,5.95,,,,5.8984,8,support,0.87,0.32,SUPPORT_BOUNCE,7.54,5.5097,Touches: 8 · Level low: $5.8288 · ATR(14): $0.32 · Stop: $5.5097,Near support $5.8984 · enter on bounce candle · can hold multi-day,8 touches at $5.8984 · 0.9% away · ATR $0.32
2026-06-23 22:29 BST,JUSHF,0.44,,,,0.436,5,support,0.92,0.05,SUPPORT_BOUNCE,7.47,0.3856,Touches: 5 · Level low: $0.432 · ATR(14): $0.05 · Stop: $0.3856,Near support $0.436 · enter on bounce candle · can hold multi-day,5 touches at $0.436 · 0.9% away · ATR $0.05
2026-06-23 22:29 BST,KEY,23.02,,,,22.81,17,support,0.92,0.5,SUPPORT_BOUNCE,7.47,21.9957,Touches: 17 · Level low: $22.5 · ATR(14): $0.5 · Stop: $21.9957,Near support $22.81 · enter on bounce candle · can hold multi-day,17 touches at $22.81 · 0.9% away · ATR $0.5
2026-06-23 22:29 BST,JPPHY,13.85,,,,13.98,10,resistance,0.93,1.83,RESISTANCE_WARNING,7.45,11.9708,Touches: 10 · Level low: $13.8 · ATR(14): $1.83 · Stop: $11.9708,Near resistance $13.98 · consider exit or avoid entry,10 touches at $13.98 · 0.9% away · ATR $1.83
2026-06-23 22:29 BST,JRNGF,3.23,,,,3.2,5,support,0.94,0.22,SUPPORT_BOUNCE,7.44,2.9421,Touches: 5 · Level low: $3.16 · ATR(14): $0.22 · Stop: $2.9421,Near support $3.2 · enter on bounce candle · can hold multi-day,5 touches at $3.2 · 0.9% away · ATR $0.22
2026-06-23 22:32 BST,LODE,4.28,,,,4.24,7,support,0.94,0.37,SUPPORT_BOUNCE,7.43,3.8557,Touches: 7 · Level low: $4.23 · ATR(14): $0.37 · Stop: $3.8557,Near support $4.24 · enter on bounce candle · can hold multi-day,7 touches at $4.24 · 0.9% away · ATR $0.37
2026-06-23 22:31 BST,LMT,503.67,,,,498.9337,14,support,0.95,14.37,SUPPORT_BOUNCE,7.42,475.6771,Touches: 14 · Level low: $490.05 · ATR(14): $14.37 · Stop: $475.6771,Near support $498.9337 · enter on bounce candle · can hold multi-day,14 touches at $498.9337 · 0.9% away · ATR $14.37
2026-06-23 22:32 BST,LRLCY,85.73,,,,84.9187,43,support,0.96,1.59,SUPPORT_BOUNCE,7.41,82.494,Touches: 43 · Level low: $84.0847 · ATR(14): $1.59 · Stop: $82.494,Near support $84.9187 · enter on bounce candle · can hold multi-day,43 touches at $84.9187 · 1.0% away · ATR $1.59
2026-06-23 22:31 BST,LGDTF,1.05,,,,1.04,19,support,0.96,0.09,SUPPORT_BOUNCE,7.4,0.9421,Touches: 19 · Level low: $1.03 · ATR(14): $0.09 · Stop: $0.9421,Near support $1.04 · enter on bounce candle · can hold multi-day,19 touches at $1.04 · 1.0% away · ATR $0.09
2026-06-23 22:29 BST,KELYA,11.36,,,,11.47,13,resistance,0.96,0.44,RESISTANCE_WARNING,7.4,10.7996,Touches: 13 · Level low: $11.24 · ATR(14): $0.44 · Stop: $10.7996,Near resistance $11.47 · consider exit or avoid entry,13 touches at $11.47 · 1.0% away · ATR $0.44
2026-06-23 22:31 BST,LBTYK,10.78,,,,10.885,30,resistance,0.96,0.37,RESISTANCE_WARNING,7.39,10.3454,Touches: 30 · Level low: $10.72 · ATR(14): $0.37 · Stop: $10.3454,Near resistance $10.885 · consider exit or avoid entry,30 touches at $10.885 · 1.0% away · ATR $0.37
2026-06-23 22:30 BST,LAC,4.15,,,,4.11,11,support,0.97,0.28,SUPPORT_BOUNCE,7.38,3.7755,Touches: 11 · Level low: $4.06 · ATR(14): $0.28 · Stop: $3.7755,Near support $4.11 · enter on bounce candle · can hold multi-day,11 touches at $4.11 · 1.0% away · ATR $0.28
2026-06-23 22:31 BST,LGL,6.62,,,,6.685,8,resistance,0.97,0.15,RESISTANCE_WARNING,7.38,6.4679,Touches: 8 · Level low: $6.62 · ATR(14): $0.15 · Stop: $6.4679,Near resistance $6.685 · consider exit or avoid entry,8 touches at $6.685 · 1.0% away · ATR $0.15
2026-06-23 22:31 BST,LCLN,23.56,,,,23.33,17,support,0.99,1.32,SUPPORT_BOUNCE,7.36,21.7221,Touches: 17 · Level low: $23.04 · ATR(14): $1.32 · Stop: $21.7221,Near support $23.33 · enter on bounce candle · can hold multi-day,17 touches at $23.33 · 1.0% away · ATR $1.32
2026-06-23 22:32 BST,LNTH,106.03,,,,104.995,8,support,0.99,3.39,SUPPORT_BOUNCE,7.36,101.1128,Touches: 8 · Level low: $104.5 · ATR(14): $3.39 · Stop: $101.1128,Near support $104.995 · enter on bounce candle · can hold multi-day,8 touches at $104.995 · 1.0% away · ATR $3.39
2026-06-23 22:31 BST,LE,11.38,,,,11.265,26,support,1.02,0.85,SUPPORT_BOUNCE,7.3,10.2604,Touches: 26 · Level low: $11.11 · ATR(14): $0.85 · Stop: $10.2604,Near support $11.265 · enter on bounce candle · can hold multi-day,26 touches at $11.265 · 1.0% away · ATR $0.85
2026-06-23 22:30 BST,KRYS,340.21,,,,341.66,3,resistance,0.42,12.94,RESISTANCE_WARNING,7.29,324.6596,Touches: 3 · Level low: $337.6 · ATR(14): $12.94 · Stop: $324.6596,Near resistance $341.66 · consider exit or avoid entry,3 touches at $341.66 · 0.4% away · ATR $12.94
2026-06-23 22:32 BST,LPBB,10.7,,,,10.59,239,support,1.04,0.02,SUPPORT_BOUNCE,7.27,10.4657,Touches: 239 · Level low: $10.485 · ATR(14): $0.02 · Stop: $10.4657,Near support $10.59 · enter on bounce candle · can hold multi-day,239 touches at $10.59 · 1.0% away · ATR $0.02
2026-06-23 22:30 BST,LAKE,10.42,,,,10.53,16,resistance,1.04,0.79,RESISTANCE_WARNING,7.26,9.6018,Touches: 16 · Level low: $10.39 · ATR(14): $0.79 · Stop: $9.6018,Near resistance $10.53 · consider exit or avoid entry,16 touches at $10.53 · 1.0% away · ATR $0.79
2026-06-23 22:30 BST,KOP,42.9,,,,42.4486,14,support,1.06,1.52,SUPPORT_BOUNCE,7.23,40.6493,Touches: 14 · Level low: $42.17 · ATR(14): $1.52 · Stop: $40.6493,Near support $42.4486 · enter on bounce candle · can hold multi-day,14 touches at $42.4486 · 1.1% away · ATR $1.52
2026-06-23 22:31 BST,LCCC,10.41,,,,10.3,235,support,1.07,0.01,SUPPORT_BOUNCE,7.22,10.1899,Touches: 235 · Level low: $10.2 · ATR(14): $0.01 · Stop: $10.1899,Near support $10.3 · enter on bounce candle · can hold multi-day,235 touches at $10.3 · 1.1% away · ATR $0.01
2026-06-23 22:31 BST,LFVN,6.18,,,,6.2468,14,resistance,1.07,1.49,RESISTANCE_WARNING,7.22,4.6883,Touches: 14 · Level low: $6.1748 · ATR(14): $1.49 · Stop: $4.6883,Near resistance $6.2468 · consider exit or avoid entry,14 touches at $6.2468 · 1.1% away · ATR $1.49
2026-06-23 22:31 BST,LIVN,78.68,,,,77.845,8,support,1.07,2.58,SUPPORT_BOUNCE,7.21,74.8721,Touches: 8 · Level low: $77.454 · ATR(14): $2.58 · Stop: $74.8721,Near support $77.845 · enter on bounce candle · can hold multi-day,8 touches at $77.845 · 1.1% away · ATR $2.58
2026-06-23 22:31 BST,LGN,81.02,,,,80.16,9,support,1.07,5.38,SUPPORT_BOUNCE,7.21,73.5717,Touches: 9 · Level low: $78.95 · ATR(14): $5.38 · Stop: $73.5717,Near support $80.16 · enter on bounce candle · can hold multi-day,9 touches at $80.16 · 1.1% away · ATR $5.38
2026-06-23 22:29 BST,KEP,12.01,,,,11.88,5,support,1.09,0.51,SUPPORT_BOUNCE,7.18,11.2736,Touches: 5 · Level low: $11.78 · ATR(14): $0.51 · Stop: $11.2736,Near support $11.88 · enter on bounce candle · can hold multi-day,5 touches at $11.88 · 1.1% away · ATR $0.51
2026-06-23 22:32 BST,LQDT,38.44,,,,38.63,3,resistance,0.49,1.01,RESISTANCE_WARNING,7.18,37.4161,Touches: 3 · Level low: $38.43 · ATR(14): $1.01 · Stop: $37.4161,Near resistance $38.63 · consider exit or avoid entry,3 touches at $38.63 · 0.5% away · ATR $1.01
2026-06-23 22:31 BST,LEA,136.68,,,,135.1822,29,support,1.11,4.21,SUPPORT_BOUNCE,7.15,128.9845,Touches: 29 · Level low: $133.1952 · ATR(14): $4.21 · Stop: $128.9845,Near support $135.1822 · enter on bounce candle · can hold multi-day,29 touches at $135.1822 · 1.1% away · ATR $4.21
2026-06-23 22:31 BST,LEEEF,0.178,,,,0.18,12,resistance,1.11,0.01,RESISTANCE_WARNING,7.15,0.1646,Touches: 12 · Level low: $0.178 · ATR(14): $0.01 · Stop: $0.1646,Near resistance $0.18 · consider exit or avoid entry,12 touches at $0.18 · 1.1% away · ATR $0.01
2026-06-23 22:30 BST,KWR,146.51,,,,148.1535,28,resistance,1.11,4.78,RESISTANCE_WARNING,7.15,141.2061,Touches: 28 · Level low: $145.99 · ATR(14): $4.78 · Stop: $141.2061,Near resistance $148.1535 · consider exit or avoid entry,28 touches at $148.1535 · 1.1% away · ATR $4.78
2026-06-23 22:31 BST,LCUT,8.41,,,,8.505,4,resistance,1.12,0.65,RESISTANCE_WARNING,7.14,7.8126,Touches: 4 · Level low: $8.46 · ATR(14): $0.65 · Stop: $7.8126,Near resistance $8.505 · consider exit or avoid entry,4 touches at $8.505 · 1.1% away · ATR $0.65
2026-06-23 22:30 BST,KULR,3.86,,,,3.84,3,support,0.52,0.43,SUPPORT_BOUNCE,7.13,3.3921,Touches: 3 · Level low: $3.82 · ATR(14): $0.43 · Stop: $3.3921,Near support $3.84 · enter on bounce candle · can hold multi-day,3 touches at $3.84 · 0.5% away · ATR $0.43
2026-06-23 22:30 BST,KMI,32.54,,,,32.9157,56,resistance,1.14,0.67,RESISTANCE_WARNING,7.1,31.7863,Touches: 56 · Level low: $32.4599 · ATR(14): $0.67 · Stop: $31.7863,Near resistance $32.9157 · consider exit or avoid entry,56 touches at $32.9157 · 1.1% away · ATR $0.67
2026-06-23 22:31 BST,LGIH,56.06,,,,55.425,18,support,1.15,3.05,SUPPORT_BOUNCE,7.09,51.55,Touches: 18 · Level low: $54.6 · ATR(14): $3.05 · Stop: $51.55,Near support $55.425 · enter on bounce candle · can hold multi-day,18 touches at $55.425 · 1.1% away · ATR $3.05
2026-06-23 22:30 BST,KOTMY,17.2,,,,17.0,39,support,1.18,0.18,SUPPORT_BOUNCE,7.04,16.7257,Touches: 39 · Level low: $16.91 · ATR(14): $0.18 · Stop: $16.7257,Near support $17.0 · enter on bounce candle · can hold multi-day,39 touches at $17.0 · 1.2% away · ATR $0.18
2026-06-23 22:30 BST,KW,10.92,,,,10.7913,120,support,1.19,0.03,SUPPORT_BOUNCE,7.01,10.6542,Touches: 120 · Level low: $10.6832 · ATR(14): $0.03 · Stop: $10.6542,Near support $10.7913 · enter on bounce candle · can hold multi-day,120 touches at $10.7913 · 1.2% away · ATR $0.03
2026-06-23 22:32 BST,LPCN,2.53,,,,2.5,4,support,1.2,0.17,SUPPORT_BOUNCE,7.0,2.3054,Touches: 4 · Level low: $2.48 · ATR(14): $0.17 · Stop: $2.3054,Near support $2.5 · enter on bounce candle · can hold multi-day,4 touches at $2.5 · 1.2% away · ATR $0.17
2026-06-23 22:32 BST,LOB,39.88,,,,40.3693,16,resistance,1.21,1.14,RESISTANCE_WARNING,6.98,38.7116,Touches: 16 · Level low: $39.8552 · ATR(14): $1.14 · Stop: $38.7116,Near resistance $40.3693 · consider exit or avoid entry,16 touches at $40.3693 · 1.2% away · ATR $1.14
2026-06-23 22:30 BST,KNBWY,17.45,,,,17.24,29,support,1.22,0.3,SUPPORT_BOUNCE,6.97,16.7564,Touches: 29 · Level low: $17.06 · ATR(14): $0.3 · Stop: $16.7564,Near support $17.24 · enter on bounce candle · can hold multi-day,29 touches at $17.24 · 1.2% away · ATR $0.3
2026-06-23 22:29 BST,KELYB,18.5,,,,18.62,3,resistance,0.64,1.1,RESISTANCE_WARNING,6.93,17.3962,Touches: 3 · Level low: $18.4926 · ATR(14): $1.1 · Stop: $17.3962,Near resistance $18.62 · consider exit or avoid entry,3 touches at $18.62 · 0.6% away · ATR $1.1
2026-06-23 22:29 BST,JZXN,1.22,,,,1.205,10,support,1.24,0.4,SUPPORT_BOUNCE,6.93,0.7983,Touches: 10 · Level low: $1.2 · ATR(14): $0.4 · Stop: $0.7983,Near support $1.205 · enter on bounce candle · can hold multi-day,10 touches at $1.205 · 1.2% away · ATR $0.4
2026-06-23 22:31 BST,LITB,3.13,,,,3.11,3,support,0.64,0.2,SUPPORT_BOUNCE,6.93,2.8679,Touches: 3 · Level low: $3.07 · ATR(14): $0.2 · Stop: $2.8679,Near support $3.11 · enter on bounce candle · can hold multi-day,3 touches at $3.11 · 0.6% away · ATR $0.2
2026-06-23 22:31 BST,LC,18.62,,,,18.39,9,support,1.25,0.93,SUPPORT_BOUNCE,6.92,17.25,Touches: 9 · Level low: $18.18 · ATR(14): $0.93 · Stop: $17.25,Near support $18.39 · enter on bounce candle · can hold multi-day,9 touches at $18.39 · 1.3% away · ATR $0.93
2026-06-23 22:31 BST,LGCL,1.6202,,,,1.6,15,support,1.26,0.22,SUPPORT_BOUNCE,6.9,1.3536,Touches: 15 · Level low: $1.578 · ATR(14): $0.22 · Stop: $1.3536,Near support $1.6 · enter on bounce candle · can hold multi-day,15 touches at $1.6 · 1.3% away · ATR $0.22
2026-06-23 22:31 BST,LIXT,7.3,,,,7.25,3,support,0.69,0.8,SUPPORT_BOUNCE,6.85,6.3571,Touches: 3 · Level low: $7.16 · ATR(14): $0.8 · Stop: $6.3571,Near support $7.25 · enter on bounce candle · can hold multi-day,3 touches at $7.25 · 0.7% away · ATR $0.8
2026-06-23 22:30 BST,KOS,2.3,,,,2.33,4,resistance,1.29,0.19,RESISTANCE_WARNING,6.85,2.1236,Touches: 4 · Level low: $2.31 · ATR(14): $0.19 · Stop: $2.1236,Near resistance $2.33 · consider exit or avoid entry,4 touches at $2.33 · 1.3% away · ATR $0.19
2026-06-23 22:30 BST,KGS,71.69,,,,70.7625,12,support,1.31,2.51,SUPPORT_BOUNCE,6.82,67.3638,Touches: 12 · Level low: $69.87 · ATR(14): $2.51 · Stop: $67.3638,Near support $70.7625 · enter on bounce candle · can hold multi-day,12 touches at $70.7625 · 1.3% away · ATR $2.51
2026-06-23 22:31 BST,LGO,0.7049,,,,0.71,3,resistance,0.72,0.07,RESISTANCE_WARNING,6.8,0.6404,Touches: 3 · Level low: $0.71 · ATR(14): $0.07 · Stop: $0.6404,Near resistance $0.71 · consider exit or avoid entry,3 touches at $0.71 · 0.7% away · ATR $0.07
2026-06-23 22:29 BST,KBR,33.2,,,,32.7684,11,support,1.32,1.23,SUPPORT_BOUNCE,6.8,31.229,Touches: 11 · Level low: $32.46 · ATR(14): $1.23 · Stop: $31.229,Near support $32.7684 · enter on bounce candle · can hold multi-day,11 touches at $32.7684 · 1.3% away · ATR $1.23
2026-06-23 22:30 BST,KLXE,2.21,,,,2.24,15,resistance,1.34,0.27,RESISTANCE_WARNING,6.77,1.9393,Touches: 15 · Level low: $2.21 · ATR(14): $0.27 · Stop: $1.9393,Near resistance $2.24 · consider exit or avoid entry,15 touches at $2.24 · 1.3% away · ATR $0.27
2026-06-23 22:30 BST,KNRRY,29.4,,,,29.004,55,support,1.37,0.57,SUPPORT_BOUNCE,6.72,28.0948,Touches: 55 · Level low: $28.66 · ATR(14): $0.57 · Stop: $28.0948,Near support $29.004 · enter on bounce candle · can hold multi-day,55 touches at $29.004 · 1.4% away · ATR $0.57
2026-06-23 22:30 BST,KRNY,8.81,,,,8.88,3,resistance,0.79,0.23,RESISTANCE_WARNING,6.69,8.5736,Touches: 3 · Level low: $8.8 · ATR(14): $0.23 · Stop: $8.5736,Near resistance $8.88 · consider exit or avoid entry,3 touches at $8.88 · 0.8% away · ATR $0.23
2026-06-23 22:29 BST,KBH,52.73,,,,51.997,42,support,1.41,1.9,SUPPORT_BOUNCE,6.65,49.4457,Touches: 42 · Level low: $51.35 · ATR(14): $1.9 · Stop: $49.4457,Near support $51.997 · enter on bounce candle · can hold multi-day,42 touches at $51.997 · 1.4% away · ATR $1.9
2026-06-23 22:31 BST,LILAK,5.88,,,,5.9647,15,resistance,1.42,0.3,RESISTANCE_WARNING,6.63,5.599,Touches: 15 · Level low: $5.9035 · ATR(14): $0.3 · Stop: $5.599,Near resistance $5.9647 · consider exit or avoid entry,15 touches at $5.9647 · 1.4% away · ATR $0.3
2026-06-23 22:29 BST,KEWL,51.25,,,,52.0,30,resistance,1.44,0.86,RESISTANCE_WARNING,6.6,50.395,Touches: 30 · Level low: $51.25 · ATR(14): $0.86 · Stop: $50.395,Near resistance $52.0 · consider exit or avoid entry,30 touches at $52.0 · 1.4% away · ATR $0.86
2026-06-23 22:29 BST,KALU,179.11,,,,181.75,23,resistance,1.45,8.39,RESISTANCE_WARNING,6.58,170.3764,Touches: 23 · Level low: $178.77 · ATR(14): $8.39 · Stop: $170.3764,Near resistance $181.75 · consider exit or avoid entry,23 touches at $181.75 · 1.5% away · ATR $8.39
2026-06-23 22:31 BST,LDI,1.14,,,,1.13,3,support,0.88,0.09,SUPPORT_BOUNCE,6.53,1.0349,Touches: 3 · Level low: $1.12 · ATR(14): $0.09 · Stop: $1.0349,Near support $1.13 · enter on bounce candle · can hold multi-day,3 touches at $1.13 · 0.9% away · ATR $0.09
2026-06-23 22:29 BST,JSDA,0.274,,,,0.27,49,support,1.48,0.02,SUPPORT_BOUNCE,6.53,0.2494,Touches: 49 · Level low: $0.267 · ATR(14): $0.02 · Stop: $0.2494,Near support $0.27 · enter on bounce candle · can hold multi-day,49 touches at $0.27 · 1.5% away · ATR $0.02
2026-06-23 22:30 BST,KR,57.05,,,,58.002,5,resistance,1.64,1.91,RESISTANCE_WARNING,6.26,55.6357,Touches: 5 · Level low: $57.55 · ATR(14): $1.91 · Stop: $55.6357,Near resistance $58.002 · consider exit or avoid entry,5 touches at $58.002 · 1.6% away · ATR $1.91
2026-06-23 22:29 BST,JUVF,15.25,,,,15.0,20,support,1.67,0.12,SUPPORT_BOUNCE,6.22,14.6511,Touches: 20 · Level low: $14.7732 · ATR(14): $0.12 · Stop: $14.6511,Near support $15.0 · enter on bounce candle · can hold multi-day,20 touches at $15.0 · 1.7% away · ATR $0.12
2026-06-23 22:31 BST,LMND,57.89,,,,56.925,20,support,1.7,3.92,SUPPORT_BOUNCE,6.17,52.5114,Touches: 20 · Level low: $56.43 · ATR(14): $3.92 · Stop: $52.5114,Near support $56.925 · enter on bounce candle · can hold multi-day,20 touches at $56.925 · 1.7% away · ATR $3.92
2026-06-23 22:32 BST,LQDA,74.04,,,,73.22,3,support,1.12,4.98,SUPPORT_BOUNCE,6.13,67.7279,Touches: 3 · Level low: $72.71 · ATR(14): $4.98 · Stop: $67.7279,Near support $73.22 · enter on bounce candle · can hold multi-day,3 touches at $73.22 · 1.1% away · ATR $4.98
2026-06-23 22:32 BST,LNVGY,57.13,,,,57.78,3,resistance,1.12,3.61,RESISTANCE_WARNING,6.13,53.985,Touches: 3 · Level low: $57.6 · ATR(14): $3.61 · Stop: $53.985,Near resistance $57.78 · consider exit or avoid entry,3 touches at $57.78 · 1.1% away · ATR $3.61
2026-06-23 22:30 BST,KRKR,2.915,,,,2.86,7,support,1.92,0.35,SUPPORT_BOUNCE,5.79,2.4814,Touches: 7 · Level low: $2.83 · ATR(14): $0.35 · Stop: $2.4814,Near support $2.86 · enter on bounce candle · can hold multi-day,7 touches at $2.86 · 1.9% away · ATR $0.35
2026-06-23 22:30 BST,KTTA,0.568,,,,0.56,3,support,1.43,0.05,SUPPORT_BOUNCE,5.62,0.5113,Touches: 3 · Level low: $0.56 · ATR(14): $0.05 · Stop: $0.5113,Near support $0.56 · enter on bounce candle · can hold multi-day,3 touches at $0.56 · 1.4% away · ATR $0.05
2026-06-23 22:32 BST,LPSN,1.92,,,,1.95,3,resistance,1.54,0.11,RESISTANCE_WARNING,5.44,1.8265,Touches: 3 · Level low: $1.94 · ATR(14): $0.11 · Stop: $1.8265,Near resistance $1.95 · consider exit or avoid entry,3 touches at $1.95 · 1.5% away · ATR $0.11
2026-06-23 22:30 BST,KLIC,127.1,,,,125.13,3,support,1.57,8.33,SUPPORT_BOUNCE,5.38,116.1967,Touches: 3 · Level low: $124.5305 · ATR(14): $8.33 · Stop: $116.1967,Near support $125.13 · enter on bounce candle · can hold multi-day,3 touches at $125.13 · 1.6% away · ATR $8.33
2026-06-23 22:31 BST,LICN,1.22,,,,1.24,3,resistance,1.61,0.58,RESISTANCE_WARNING,5.31,0.645,Touches: 3 · Level low: $1.23 · ATR(14): $0.58 · Stop: $0.645,Near resistance $1.24 · consider exit or avoid entry,3 touches at $1.24 · 1.6% away · ATR $0.58
2026-06-23 22:30 BST,KLAC,244.49,,,,239.1101,4,support,2.25,19.47,SUPPORT_BOUNCE,5.25,217.651,Touches: 4 · Level low: $237.12 · ATR(14): $19.47 · Stop: $217.651,Near support $239.1101 · enter on bounce candle · can hold multi-day,4 touches at $239.1101 · 2.2% away · ATR $19.47
2026-06-23 22:32 BST,LRHC,1.2,,,,1.18,3,support,1.69,0.13,SUPPORT_BOUNCE,5.18,1.0529,Touches: 3 · Level low: $1.18 · ATR(14): $0.13 · Stop: $1.0529,Near support $1.18 · enter on bounce candle · can hold multi-day,3 touches at $1.18 · 1.7% away · ATR $0.13
2026-06-23 22:31 BST,LGHL,0.5797,,,,0.57,3,support,1.7,0.12,SUPPORT_BOUNCE,5.16,0.4521,Touches: 3 · Level low: $0.569 · ATR(14): $0.12 · Stop: $0.4521,Near support $0.57 · enter on bounce candle · can hold multi-day,3 touches at $0.57 · 1.7% away · ATR $0.12
2026-06-23 22:29 BST,KC,9.63,,,,9.815,3,resistance,1.88,0.6,RESISTANCE_WARNING,4.86,9.0781,Touches: 3 · Level low: $9.675 · ATR(14): $0.6 · Stop: $9.0781,Near resistance $9.815 · consider exit or avoid entry,3 touches at $9.815 · 1.9% away · ATR $0.6
2026-06-23 22:29 BST,KALA,3.12,,,,3.21,4,resistance,2.8,0.4,RESISTANCE_WARNING,4.33,2.786,Touches: 4 · Level low: $3.19 · ATR(14): $0.4 · Stop: $2.786,Near resistance $3.21 · consider exit or avoid entry,4 touches at $3.21 · 2.8% away · ATR $0.4
2026-06-23 22:32 BST,LSBK,16.85,,,,16.38,6,support,2.87,0.37,SUPPORT_BOUNCE,4.22,15.8879,Touches: 6 · Level low: $16.26 · ATR(14): $0.37 · Stop: $15.8879,Near support $16.38 · enter on bounce candle · can hold multi-day,6 touches at $16.38 · 2.9% away · ATR $0.37
2026-06-23 22:30 BST,KWM,0.185,,,,0.19,3,resistance,2.63,0.03,RESISTANCE_WARNING,3.61,0.1552,Touches: 3 · Level low: $0.1889 · ATR(14): $0.03 · Stop: $0.1552,Near resistance $0.19 · consider exit or avoid entry,3 touches at $0.19 · 2.6% away · ATR $0.03
